purchase_id,site_code,site_name,year,month,fuel_category,fuel_type,fuel_code,purchase_amount,consumption_amount,unit,unit_price,total_cost_krw,supplier_code,emission_factor_id,ghg_tco2e_calculated,data_quality,source_system,synced_at,created_at,updated_at,updated_by
FP-2024-0001,SITE-DC01,수원 데이터센터,2024,1,탈루,HFC-410A,FUEL-HFC410A-01,367.5,367.3,kg,12000.0,4410000,SUP-REF-01,EF-HFC410A-2023,766.9224,실측,ERP,2024-04-10 08:30:00,2024-04-10 09:00:00,2024-04-14 12:08:00,user_003
FP-2024-0002,SITE-DC01,수원 데이터센터,2024,2,탈루,HFC-410A,FUEL-HFC410A-01,420.9,414.8,kg,12000.0,5050800,SUP-REF-01,EF-HFC410A-2023,866.1024,실측,ERP,2024-04-10 08:30:00,2024-04-10 09:00:00,2024-04-17 15:02:00,user_001
FP-2024-0003,SITE-DC01,수원 데이터센터,2024,3,탈루,HFC-410A,FUEL-HFC410A-01,535.6,533.1,kg,12000.0,6427200,SUP-REF-01,EF-HFC410A-2023,1113.1128,실측,ERP,2024-04-10 08:30:00,2024-04-10 09:00:00,2024-04-17 12:45:00,user_003
FP-2024-0004,SITE-DC01,수원 데이터센터,2024,4,탈루,HFC-410A,FUEL-HFC410A-01,681.6,675.9,kg,12000.0,8179200,SUP-REF-01,EF-HFC410A-2023,1411.2792,추정,ERP,2024-07-10 08:30:00,2024-07-10 09:00:00,2024-07-17 13:51:00,user_001
FP-2024-0005,SITE-DC01,수원 데이터센터,2024,5,탈루,HFC-410A,FUEL-HFC410A-01,804.1,801.5,kg,12000.0,9649200,SUP-REF-01,EF-HFC410A-2023,1673.532,추정,ERP,2024-07-10 08:30:00,2024-07-10 09:00:00,2024-07-15 13:09:00,user_001
FP-2024-0006,SITE-DC01,수원 데이터센터,2024,6,탈루,HFC-410A,FUEL-HFC410A-01,941.9,935.6,kg,12000.0,11302800,SUP-REF-01,EF-HFC410A-2023,1953.5328,실측,ERP,2024-07-10 08:30:00,2024-07-10 09:00:00,2024-07-16 10:22:00,user_002
FP-2024-0007,SITE-DC01,수원 데이터센터,2024,7,탈루,HFC-410A,FUEL-HFC410A-01,931.1,916.3,kg,12000.0,11173200,SUP-REF-01,EF-HFC410A-2023,1913.2344,추정,ERP,2024-10-10 08:30:00,2024-10-10 09:00:00,2024-10-17 10:59:00,user_002
FP-2024-0008,SITE-DC01,수원 데이터센터,2024,8,탈루,HFC-410A,FUEL-HFC410A-01,833.4,828.5,kg,12000.0,10000800,SUP-REF-01,EF-HFC410A-2023,1729.908,실측,ERP,2024-10-10 08:30:00,2024-10-10 09:00:00,2024-10-17 12:45:00,user_001
FP-2024-0009,SITE-DC01,수원 데이터센터,2024,9,탈루,HFC-410A,FUEL-HFC410A-01,711.9,708.7,kg,12000.0,8542800,SUP-REF-01,EF-HFC410A-2023,1479.7656,실측,ERP,2024-10-10 08:30:00,2024-10-10 09:00:00,2024-10-13 12:55:00,user_001
FP-2024-0010,SITE-DC01,수원 데이터센터,2024,10,탈루,HFC-410A,FUEL-HFC410A-01,547.4,542.5,kg,12000.0,6568800,SUP-REF-01,EF-HFC410A-2023,1132.74,실측,ERP,2025-01-10 08:30:00,2025-01-10 09:00:00,2025-01-14 14:22:00,user_001
FP-2024-0011,SITE-DC01,수원 데이터센터,2024,11,탈루,HFC-410A,FUEL-HFC410A-01,435.3,429.3,kg,12000.0,5223600,SUP-REF-01,EF-HFC410A-2023,896.3784,실측,ERP,2025-01-10 08:30:00,2025-01-10 09:00:00,2025-01-17 11:34:00,user_003
FP-2024-0012,SITE-DC01,수원 데이터센터,2024,12,탈루,HFC-410A,FUEL-HFC410A-01,362.0,358.7,kg,12000.0,4344000,SUP-REF-01,EF-HFC410A-2023,748.9656,실측,ERP,2025-01-10 08:30:00,2025-01-10 09:00:00,2025-01-18 17:14:00,user_003
FP-2024-0013,SITE-DC01,수원 데이터센터,2024,1,고정연소,LNG,FUEL-LNG-01,1812546.9,1785116.3,Nm³,850.0,1540664865,SUP-EN-003,EF-LNG-2023,3864.7768,실측,ERP,2024-04-10 08:30:00,2024-04-10 09:00:00,2024-04-14 09:51:00,user_002
FP-2024-0014,SITE-DC01,수원 데이터센터,2024,2,고정연소,LNG,FUEL-LNG-01,1667540.4,1665335.9,Nm³,850.0,1417409340,SUP-EN-003,EF-LNG-2023,3605.4522,실측,ERP,2024-04-10 08:30:00,2024-04-10 09:00:00,2024-04-14 16:25:00,user_003
FP-2024-0015,SITE-DC01,수원 데이터센터,2024,3,고정연소,LNG,FUEL-LNG-01,1421527.8,1414036.8,Nm³,850.0,1208298630,SUP-EN-003,EF-LNG-2023,3061.3897,실측,ERP,2024-04-10 08:30:00,2024-04-10 09:00:00,2024-04-18 17:34:00,user_002
FP-2024-0016,SITE-DC01,수원 데이터센터,2024,4,고정연소,LNG,FUEL-LNG-01,1187077.2,1176991.9,Nm³,850.0,1009015620,SUP-EN-003,EF-LNG-2023,2548.1875,추정,ERP,2024-07-10 08:30:00,2024-07-10 09:00:00,2024-07-15 12:08:00,user_003
FP-2024-0017,SITE-DC01,수원 데이터센터,2024,5,고정연소,LNG,FUEL-LNG-01,1046111.8,1030534.6,Nm³,850.0,889195030,SUP-EN-003,EF-LNG-2023,2231.1074,실측,ERP,2024-07-10 08:30:00,2024-07-10 09:00:00,2024-07-14 11:50:00,user_003
FP-2024-0018,SITE-DC01,수원 데이터센터,2024,6,고정연소,LNG,FUEL-LNG-01,898996.5,897855.7,Nm³,850.0,764147025,SUP-EN-003,EF-LNG-2023,1943.8576,추정,ERP,2024-07-10 08:30:00,2024-07-10 09:00:00,2024-07-17 16:33:00,user_002
FP-2024-0019,SITE-DC01,수원 데이터센터,2024,7,고정연소,LNG,FUEL-LNG-01,943534.0,927565.4,Nm³,850.0,802003900,SUP-EN-003,EF-LNG-2023,2008.1791,실측,ERP,2024-10-10 08:30:00,2024-10-10 09:00:00,2024-10-18 10:43:00,user_003
FP-2024-0020,SITE-DC01,수원 데이터센터,2024,8,고정연소,LNG,FUEL-LNG-01,1062540.1,1046454.0,Nm³,850.0,903159085,SUP-EN-003,EF-LNG-2023,2265.5729,실측,ERP,2024-10-10 08:30:00,2024-10-10 09:00:00,2024-10-13 13:27:00,user_001
FP-2024-0021,SITE-DC01,수원 데이터센터,2024,9,고정연소,LNG,FUEL-LNG-01,1178645.7,1156582.4,Nm³,850.0,1001848845,SUP-EN-003,EF-LNG-2023,2504.0009,실측,ERP,2024-10-10 08:30:00,2024-10-10 09:00:00,2024-10-17 11:32:00,user_001
FP-2024-0022,SITE-DC01,수원 데이터센터,2024,10,고정연소,LNG,FUEL-LNG-01,1325181.1,1317318.2,Nm³,850.0,1126403935,SUP-EN-003,EF-LNG-2023,2851.9939,실측,ERP,2025-01-10 08:30:00,2025-01-10 09:00:00,2025-01-14 14:48:00,user_001
FP-2024-0023,SITE-DC01,수원 데이터센터,2024,11,고정연소,LNG,FUEL-LNG-01,1443012.6,1420885.8,Nm³,850.0,1226560710,SUP-EN-003,EF-LNG-2023,3076.2178,실측,ERP,2025-01-10 08:30:00,2025-01-10 09:00:00,2025-01-17 14:31:00,user_001
FP-2024-0024,SITE-DC01,수원 데이터센터,2024,12,고정연소,LNG,FUEL-LNG-01,1648135.5,1636256.9,Nm³,850.0,1400915175,SUP-EN-003,EF-LNG-2023,3542.4962,실측,ERP,2025-01-10 08:30:00,2025-01-10 09:00:00,2025-01-14 09:15:00,user_003
FP-2024-0025,SITE-DC01,수원 데이터센터,2024,1,이동연소,경유,FUEL-DIESEL-01,35804.2,35743.0,L,1650.0,59076930,SUP-FUEL-01,EF-DIESEL-2023,93.9326,추정,ERP,2024-04-10 08:30:00,2024-04-10 09:00:00,2024-04-13 17:49:00,user_001
FP-2024-0026,SITE-DC01,수원 데이터센터,2024,2,이동연소,경유,FUEL-DIESEL-01,34356.9,34033.4,L,1650.0,56688885,SUP-FUEL-01,EF-DIESEL-2023,89.4398,실측,ERP,2024-04-10 08:30:00,2024-04-10 09:00:00,2024-04-15 17:55:00,user_003
FP-2024-0027,SITE-DC01,수원 데이터센터,2024,3,이동연소,경유,FUEL-DIESEL-01,34795.8,34649.0,L,1650.0,57413070,SUP-FUEL-01,EF-DIESEL-2023,91.0576,실측,ERP,2024-04-10 08:30:00,2024-04-10 09:00:00,2024-04-18 13:25:00,user_003
FP-2024-0028,SITE-DC01,수원 데이터센터,2024,4,이동연소,경유,FUEL-DIESEL-01,35430.3,35122.6,L,1650.0,58459995,SUP-FUEL-01,EF-DIESEL-2023,92.3022,추정,ERP,2024-07-10 08:30:00,2024-07-10 09:00:00,2024-07-13 12:14:00,user_001
FP-2024-0029,SITE-DC01,수원 데이터센터,2024,5,이동연소,경유,FUEL-DIESEL-01,34877.0,34471.4,L,1650.0,57547050,SUP-FUEL-01,EF-DIESEL-2023,90.5908,실측,ERP,2024-07-10 08:30:00,2024-07-10 09:00:00,2024-07-17 12:00:00,user_001
FP-2024-0030,SITE-DC01,수원 데이터센터,2024,6,이동연소,경유,FUEL-DIESEL-01,35285.1,35243.6,L,1650.0,58220415,SUP-FUEL-01,EF-DIESEL-2023,92.6202,실측,ERP,2024-07-10 08:30:00,2024-07-10 09:00:00,2024-07-13 14:04:00,user_003
FP-2024-0031,SITE-DC01,수원 데이터센터,2024,7,이동연소,경유,FUEL-DIESEL-01,34720.7,34262.3,L,1650.0,57289155,SUP-FUEL-01,EF-DIESEL-2023,90.0413,실측,ERP,2024-10-10 08:30:00,2024-10-10 09:00:00,2024-10-17 11:46:00,user_003
FP-2024-0032,SITE-DC01,수원 데이터센터,2024,8,이동연소,경유,FUEL-DIESEL-01,35138.6,34968.7,L,1650.0,57978690,SUP-FUEL-01,EF-DIESEL-2023,91.8977,추정,ERP,2024-10-10 08:30:00,2024-10-10 09:00:00,2024-10-16 12:06:00,user_001
FP-2024-0033,SITE-DC01,수원 데이터센터,2024,9,이동연소,경유,FUEL-DIESEL-01,35390.6,35141.6,L,1650.0,58394490,SUP-FUEL-01,EF-DIESEL-2023,92.3521,추정,ERP,2024-10-10 08:30:00,2024-10-10 09:00:00,2024-10-16 09:43:00,user_003
FP-2024-0034,SITE-DC01,수원 데이터센터,2024,10,이동연소,경유,FUEL-DIESEL-01,35891.3,35820.8,L,1650.0,59220645,SUP-FUEL-01,EF-DIESEL-2023,94.1371,추정,ERP,2025-01-10 08:30:00,2025-01-10 09:00:00,2025-01-18 14:51:00,user_001
FP-2024-0035,SITE-DC01,수원 데이터센터,2024,11,이동연소,경유,FUEL-DIESEL-01,34415.0,34284.6,L,1650.0,56784750,SUP-FUEL-01,EF-DIESEL-2023,90.0999,추정,ERP,2025-01-10 08:30:00,2025-01-10 09:00:00,2025-01-14 15:11:00,user_002
FP-2024-0036,SITE-DC01,수원 데이터센터,2024,12,이동연소,경유,FUEL-DIESEL-01,35338.9,34731.5,L,1650.0,58309185,SUP-FUEL-01,EF-DIESEL-2023,91.2744,실측,ERP,2025-01-10 08:30:00,2025-01-10 09:00:00,2025-01-16 17:06:00,user_001
FP-2024-0037,SITE-DC01,수원 데이터센터,2024,1,이동연소,휘발유,FUEL-GASOLINE-01,13719.8,13573.1,L,1650.0,22637670,SUP-FUEL-01,EF-GASOLINE-2023,31.0824,실측,ERP,2024-04-10 08:30:00,2024-04-10 09:00:00,2024-04-13 12:10:00,user_002
FP-2024-0038,SITE-DC01,수원 데이터센터,2024,2,이동연소,휘발유,FUEL-GASOLINE-01,13496.1,13438.7,L,1650.0,22268565,SUP-FUEL-01,EF-GASOLINE-2023,30.7746,추정,ERP,2024-04-10 08:30:00,2024-04-10 09:00:00,2024-04-13 11:24:00,user_001
FP-2024-0039,SITE-DC01,수원 데이터센터,2024,3,이동연소,휘발유,FUEL-GASOLINE-01,13915.3,13841.9,L,1650.0,22960245,SUP-FUEL-01,EF-GASOLINE-2023,31.698,추정,ERP,2024-04-10 08:30:00,2024-04-10 09:00:00,2024-04-15 15:44:00,user_003
FP-2024-0040,SITE-DC01,수원 데이터센터,2024,4,이동연소,휘발유,FUEL-GASOLINE-01,14004.0,13850.1,L,1650.0,23106600,SUP-FUEL-01,EF-GASOLINE-2023,31.7167,추정,ERP,2024-07-10 08:30:00,2024-07-10 09:00:00,2024-07-14 12:18:00,user_001
FP-2024-0041,SITE-DC01,수원 데이터센터,2024,5,이동연소,휘발유,FUEL-GASOLINE-01,13988.7,13828.5,L,1650.0,23081355,SUP-FUEL-01,EF-GASOLINE-2023,31.6673,실측,ERP,2024-07-10 08:30:00,2024-07-10 09:00:00,2024-07-18 14:03:00,user_001
FP-2024-0042,SITE-DC01,수원 데이터센터,2024,6,이동연소,휘발유,FUEL-GASOLINE-01,13654.2,13518.2,L,1650.0,22529430,SUP-FUEL-01,EF-GASOLINE-2023,30.9567,실측,ERP,2024-07-10 08:30:00,2024-07-10 09:00:00,2024-07-13 17:05:00,user_001
FP-2024-0043,SITE-DC01,수원 데이터센터,2024,7,이동연소,휘발유,FUEL-GASOLINE-01,13119.9,13102.1,L,1650.0,21647835,SUP-FUEL-01,EF-GASOLINE-2023,30.0038,실측,ERP,2024-10-10 08:30:00,2024-10-10 09:00:00,2024-10-16 10:56:00,user_003
FP-2024-0044,SITE-DC01,수원 데이터센터,2024,8,이동연소,휘발유,FUEL-GASOLINE-01,13403.0,13245.5,L,1650.0,22114950,SUP-FUEL-01,EF-GASOLINE-2023,30.3322,실측,ERP,2024-10-10 08:30:00,2024-10-10 09:00:00,2024-10-16 17:20:00,user_002
FP-2024-0045,SITE-DC01,수원 데이터센터,2024,9,이동연소,휘발유,FUEL-GASOLINE-01,13400.8,13211.6,L,1650.0,22111320,SUP-FUEL-01,EF-GASOLINE-2023,30.2546,실측,ERP,2024-10-10 08:30:00,2024-10-10 09:00:00,2024-10-15 15:08:00,user_003
FP-2024-0046,SITE-DC01,수원 데이터센터,2024,10,이동연소,휘발유,FUEL-GASOLINE-01,13691.8,13567.7,L,1650.0,22591470,SUP-FUEL-01,EF-GASOLINE-2023,31.07,실측,ERP,2025-01-10 08:30:00,2025-01-10 09:00:00,2025-01-13 16:39:00,user_003
FP-2024-0047,SITE-DC01,수원 데이터센터,2024,11,이동연소,휘발유,FUEL-GASOLINE-01,13870.9,13850.6,L,1650.0,22886985,SUP-FUEL-01,EF-GASOLINE-2023,31.7179,실측,ERP,2025-01-10 08:30:00,2025-01-10 09:00:00,2025-01-17 13:08:00,user_002
FP-2024-0048,SITE-DC01,수원 데이터센터,2024,12,이동연소,휘발유,FUEL-GASOLINE-01,13999.6,13757.7,L,1650.0,23099340,SUP-FUEL-01,EF-GASOLINE-2023,31.5051,실측,ERP,2025-01-10 08:30:00,2025-01-10 09:00:00,2025-01-15 11:28:00,user_003
FP-2024-0049,SITE-DC02,동탄 데이터센터,2024,1,탈루,HFC-410A,FUEL-HFC410A-01,328.5,324.5,kg,12000.0,3942000,SUP-REF-01,EF-HFC410A-2023,677.556,실측,ERP,2024-04-10 08:30:00,2024-04-10 09:00:00,2024-04-18 17:19:00,user_003
FP-2024-0050,SITE-DC02,동탄 데이터센터,2024,2,탈루,HFC-410A,FUEL-HFC410A-01,371.5,365.1,kg,12000.0,4458000,SUP-REF-01,EF-HFC410A-2023,762.3288,실측,ERP,2024-04-10 08:30:00,2024-04-10 09:00:00,2024-04-13 10:47:00,user_003
FP-2024-0051,SITE-DC02,동탄 데이터센터,2024,3,탈루,HFC-410A,FUEL-HFC410A-01,473.6,470.9,kg,12000.0,5683200,SUP-REF-01,EF-HFC410A-2023,983.2392,실측,ERP,2024-04-10 08:30:00,2024-04-10 09:00:00,2024-04-18 14:13:00,user_003
FP-2024-0052,SITE-DC02,동탄 데이터센터,2024,4,탈루,HFC-410A,FUEL-HFC410A-01,595.5,592.4,kg,12000.0,7146000,SUP-REF-01,EF-HFC410A-2023,1236.9312,추정,ERP,2024-07-10 08:30:00,2024-07-10 09:00:00,2024-07-15 09:05:00,user_003
FP-2024-0053,SITE-DC02,동탄 데이터센터,2024,5,탈루,HFC-410A,FUEL-HFC410A-01,695.1,691.3,kg,12000.0,8341200,SUP-REF-01,EF-HFC410A-2023,1443.4344,실측,ERP,2024-07-10 08:30:00,2024-07-10 09:00:00,2024-07-15 11:40:00,user_002
FP-2024-0054,SITE-DC02,동탄 데이터센터,2024,6,탈루,HFC-410A,FUEL-HFC410A-01,792.0,785.1,kg,12000.0,9504000,SUP-REF-01,EF-HFC410A-2023,1639.2888,추정,ERP,2024-07-10 08:30:00,2024-07-10 09:00:00,2024-07-17 09:07:00,user_001
FP-2024-0055,SITE-DC02,동탄 데이터센터,2024,7,탈루,HFC-410A,FUEL-HFC410A-01,834.2,822.8,kg,12000.0,10010400,SUP-REF-01,EF-HFC410A-2023,1718.0064,실측,ERP,2024-10-10 08:30:00,2024-10-10 09:00:00,2024-10-17 09:53:00,user_002
FP-2024-0056,SITE-DC02,동탄 데이터센터,2024,8,탈루,HFC-410A,FUEL-HFC410A-01,753.9,751.7,kg,12000.0,9046800,SUP-REF-01,EF-HFC410A-2023,1569.5496,실측,ERP,2024-10-10 08:30:00,2024-10-10 09:00:00,2024-10-13 13:23:00,user_001
FP-2024-0057,SITE-DC02,동탄 데이터센터,2024,9,탈루,HFC-410A,FUEL-HFC410A-01,659.2,656.4,kg,12000.0,7910400,SUP-REF-01,EF-HFC410A-2023,1370.5632,실측,ERP,2024-10-10 08:30:00,2024-10-10 09:00:00,2024-10-18 10:22:00,user_003
FP-2024-0058,SITE-DC02,동탄 데이터센터,2024,10,탈루,HFC-410A,FUEL-HFC410A-01,495.9,491.9,kg,12000.0,5950800,SUP-REF-01,EF-HFC410A-2023,1027.0872,실측,ERP,2025-01-10 08:30:00,2025-01-10 09:00:00,2025-01-14 11:51:00,user_001
FP-2024-0059,SITE-DC02,동탄 데이터센터,2024,11,탈루,HFC-410A,FUEL-HFC410A-01,382.7,382.5,kg,12000.0,4592400,SUP-REF-01,EF-HFC410A-2023,798.66,실측,ERP,2025-01-10 08:30:00,2025-01-10 09:00:00,2025-01-16 12:17:00,user_001
FP-2024-0060,SITE-DC02,동탄 데이터센터,2024,12,탈루,HFC-410A,FUEL-HFC410A-01,326.8,326.1,kg,12000.0,3921600,SUP-REF-01,EF-HFC410A-2023,680.8968,실측,ERP,2025-01-10 08:30:00,2025-01-10 09:00:00,2025-01-16 12:12:00,user_002
FP-2024-0061,SITE-DC02,동탄 데이터센터,2024,1,고정연소,LNG,FUEL-LNG-01,1427802.7,1404749.7,Nm³,850.0,1213632295,SUP-EN-003,EF-LNG-2023,3041.2831,실측,ERP,2024-04-10 08:30:00,2024-04-10 09:00:00,2024-04-14 09:42:00,user_001
FP-2024-0062,SITE-DC02,동탄 데이터센터,2024,2,고정연소,LNG,FUEL-LNG-01,1315554.8,1308265.1,Nm³,850.0,1118221580,SUP-EN-003,EF-LNG-2023,2832.3939,실측,ERP,2024-04-10 08:30:00,2024-04-10 09:00:00,2024-04-15 14:41:00,user_003
FP-2024-0063,SITE-DC02,동탄 데이터센터,2024,3,고정연소,LNG,FUEL-LNG-01,1128798.7,1107074.6,Nm³,850.0,959478895,SUP-EN-003,EF-LNG-2023,2396.8165,실측,ERP,2024-04-10 08:30:00,2024-04-10 09:00:00,2024-04-13 10:56:00,user_002
FP-2024-0064,SITE-DC02,동탄 데이터센터,2024,4,고정연소,LNG,FUEL-LNG-01,910903.0,893698.7,Nm³,850.0,774267550,SUP-EN-003,EF-LNG-2023,1934.8577,실측,ERP,2024-07-10 08:30:00,2024-07-10 09:00:00,2024-07-13 10:38:00,user_002
FP-2024-0065,SITE-DC02,동탄 데이터센터,2024,5,고정연소,LNG,FUEL-LNG-01,815143.6,802521.1,Nm³,850.0,692872060,SUP-EN-003,EF-LNG-2023,1737.4582,추정,ERP,2024-07-10 08:30:00,2024-07-10 09:00:00,2024-07-17 17:07:00,user_002
FP-2024-0066,SITE-DC02,동탄 데이터센터,2024,6,고정연소,LNG,FUEL-LNG-01,728516.7,725757.7,Nm³,850.0,619239195,SUP-EN-003,EF-LNG-2023,1571.2654,실측,ERP,2024-07-10 08:30:00,2024-07-10 09:00:00,2024-07-18 15:00:00,user_003
FP-2024-0067,SITE-DC02,동탄 데이터센터,2024,7,고정연소,LNG,FUEL-LNG-01,734694.0,726866.3,Nm³,850.0,624489900,SUP-EN-003,EF-LNG-2023,1573.6655,실측,ERP,2024-10-10 08:30:00,2024-10-10 09:00:00,2024-10-15 15:04:00,user_003
FP-2024-0068,SITE-DC02,동탄 데이터센터,2024,8,고정연소,LNG,FUEL-LNG-01,840821.1,830470.9,Nm³,850.0,714697935,SUP-EN-003,EF-LNG-2023,1797.9695,실측,ERP,2024-10-10 08:30:00,2024-10-10 09:00:00,2024-10-18 13:32:00,user_002
FP-2024-0069,SITE-DC02,동탄 데이터센터,2024,9,고정연소,LNG,FUEL-LNG-01,926403.0,920398.6,Nm³,850.0,787442550,SUP-EN-003,EF-LNG-2023,1992.663,실측,ERP,2024-10-10 08:30:00,2024-10-10 09:00:00,2024-10-17 11:12:00,user_002
FP-2024-0070,SITE-DC02,동탄 데이터센터,2024,10,고정연소,LNG,FUEL-LNG-01,1030299.7,1022545.8,Nm³,850.0,875754745,SUP-EN-003,EF-LNG-2023,2213.8117,실측,ERP,2025-01-10 08:30:00,2025-01-10 09:00:00,2025-01-17 13:25:00,user_003
FP-2024-0071,SITE-DC02,동탄 데이터센터,2024,11,고정연소,LNG,FUEL-LNG-01,1142985.0,1136080.5,Nm³,850.0,971537250,SUP-EN-003,EF-LNG-2023,2459.6143,실측,ERP,2025-01-10 08:30:00,2025-01-10 09:00:00,2025-01-16 14:29:00,user_002
FP-2024-0072,SITE-DC02,동탄 데이터센터,2024,12,고정연소,LNG,FUEL-LNG-01,1317322.2,1311715.9,Nm³,850.0,1119723870,SUP-EN-003,EF-LNG-2023,2839.8649,추정,ERP,2025-01-10 08:30:00,2025-01-10 09:00:00,2025-01-18 11:42:00,user_001
FP-2024-0073,SITE-DC02,동탄 데이터센터,2024,1,이동연소,경유,FUEL-DIESEL-01,28484.3,28111.1,L,1650.0,46999095,SUP-FUEL-01,EF-DIESEL-2023,73.876,실측,ERP,2024-04-10 08:30:00,2024-04-10 09:00:00,2024-04-13 12:43:00,user_002
FP-2024-0074,SITE-DC02,동탄 데이터센터,2024,2,이동연소,경유,FUEL-DIESEL-01,28121.6,28010.0,L,1650.0,46400640,SUP-FUEL-01,EF-DIESEL-2023,73.6103,실측,ERP,2024-04-10 08:30:00,2024-04-10 09:00:00,2024-04-13 12:30:00,user_003
FP-2024-0075,SITE-DC02,동탄 데이터센터,2024,3,이동연소,경유,FUEL-DIESEL-01,29120.6,29078.2,L,1650.0,48048990,SUP-FUEL-01,EF-DIESEL-2023,76.4175,추정,ERP,2024-04-10 08:30:00,2024-04-10 09:00:00,2024-04-18 12:45:00,user_003
FP-2024-0076,SITE-DC02,동탄 데이터센터,2024,4,이동연소,경유,FUEL-DIESEL-01,28508.4,28282.3,L,1650.0,47038860,SUP-FUEL-01,EF-DIESEL-2023,74.3259,실측,ERP,2024-07-10 08:30:00,2024-07-10 09:00:00,2024-07-18 09:57:00,user_001
FP-2024-0077,SITE-DC02,동탄 데이터센터,2024,5,이동연소,경유,FUEL-DIESEL-01,29083.0,28956.3,L,1650.0,47986950,SUP-FUEL-01,EF-DIESEL-2023,76.0972,추정,ERP,2024-07-10 08:30:00,2024-07-10 09:00:00,2024-07-13 17:15:00,user_001
FP-2024-0078,SITE-DC02,동탄 데이터센터,2024,6,이동연소,경유,FUEL-DIESEL-01,28861.4,28406.1,L,1650.0,47621310,SUP-FUEL-01,EF-DIESEL-2023,74.6512,실측,ERP,2024-07-10 08:30:00,2024-07-10 09:00:00,2024-07-16 17:27:00,user_003
FP-2024-0079,SITE-DC02,동탄 데이터센터,2024,7,이동연소,경유,FUEL-DIESEL-01,28478.5,28388.1,L,1650.0,46989525,SUP-FUEL-01,EF-DIESEL-2023,74.6039,추정,ERP,2024-10-10 08:30:00,2024-10-10 09:00:00,2024-10-16 13:48:00,user_001
FP-2024-0080,SITE-DC02,동탄 데이터센터,2024,8,이동연소,경유,FUEL-DIESEL-01,29222.5,29061.3,L,1650.0,48217125,SUP-FUEL-01,EF-DIESEL-2023,76.3731,추정,ERP,2024-10-10 08:30:00,2024-10-10 09:00:00,2024-10-18 12:17:00,user_002
FP-2024-0081,SITE-DC02,동탄 데이터센터,2024,9,이동연소,경유,FUEL-DIESEL-01,27917.1,27758.5,L,1650.0,46063215,SUP-FUEL-01,EF-DIESEL-2023,72.9493,실측,ERP,2024-10-10 08:30:00,2024-10-10 09:00:00,2024-10-15 14:57:00,user_003
FP-2024-0082,SITE-DC02,동탄 데이터센터,2024,10,이동연소,경유,FUEL-DIESEL-01,27847.6,27763.8,L,1650.0,45948540,SUP-FUEL-01,EF-DIESEL-2023,72.9633,추정,ERP,2025-01-10 08:30:00,2025-01-10 09:00:00,2025-01-18 11:45:00,user_001
FP-2024-0083,SITE-DC02,동탄 데이터센터,2024,11,이동연소,경유,FUEL-DIESEL-01,27962.0,27735.9,L,1650.0,46137300,SUP-FUEL-01,EF-DIESEL-2023,72.8899,추정,ERP,2025-01-10 08:30:00,2025-01-10 09:00:00,2025-01-16 09:13:00,user_002
FP-2024-0084,SITE-DC02,동탄 데이터센터,2024,12,이동연소,경유,FUEL-DIESEL-01,28727.3,28291.7,L,1650.0,47400045,SUP-FUEL-01,EF-DIESEL-2023,74.3506,실측,ERP,2025-01-10 08:30:00,2025-01-10 09:00:00,2025-01-17 15:30:00,user_001
FP-2024-0085,SITE-DC02,동탄 데이터센터,2024,1,이동연소,휘발유,FUEL-GASOLINE-01,11806.6,11736.5,L,1650.0,19480890,SUP-FUEL-01,EF-GASOLINE-2023,26.8766,추정,ERP,2024-04-10 08:30:00,2024-04-10 09:00:00,2024-04-16 17:47:00,user_003
FP-2024-0086,SITE-DC02,동탄 데이터센터,2024,2,이동연소,휘발유,FUEL-GASOLINE-01,11602.7,11464.4,L,1650.0,19144455,SUP-FUEL-01,EF-GASOLINE-2023,26.2535,실측,ERP,2024-04-10 08:30:00,2024-04-10 09:00:00,2024-04-16 12:17:00,user_002
FP-2024-0087,SITE-DC02,동탄 데이터센터,2024,3,이동연소,휘발유,FUEL-GASOLINE-01,11511.7,11422.9,L,1650.0,18994305,SUP-FUEL-01,EF-GASOLINE-2023,26.1584,추정,ERP,2024-04-10 08:30:00,2024-04-10 09:00:00,2024-04-18 11:53:00,user_002
FP-2024-0088,SITE-DC02,동탄 데이터센터,2024,4,이동연소,휘발유,FUEL-GASOLINE-01,11950.4,11720.5,L,1650.0,19718160,SUP-FUEL-01,EF-GASOLINE-2023,26.8399,실측,ERP,2024-07-10 08:30:00,2024-07-10 09:00:00,2024-07-16 09:05:00,user_003
FP-2024-0089,SITE-DC02,동탄 데이터센터,2024,5,이동연소,휘발유,FUEL-GASOLINE-01,11581.2,11383.8,L,1650.0,19108980,SUP-FUEL-01,EF-GASOLINE-2023,26.0689,실측,ERP,2024-07-10 08:30:00,2024-07-10 09:00:00,2024-07-13 13:24:00,user_002
FP-2024-0090,SITE-DC02,동탄 데이터센터,2024,6,이동연소,휘발유,FUEL-GASOLINE-01,11308.4,11235.0,L,1650.0,18658860,SUP-FUEL-01,EF-GASOLINE-2023,25.7281,추정,ERP,2024-07-10 08:30:00,2024-07-10 09:00:00,2024-07-15 15:16:00,user_001
FP-2024-0091,SITE-DC02,동탄 데이터센터,2024,7,이동연소,휘발유,FUEL-GASOLINE-01,11583.4,11412.4,L,1650.0,19112610,SUP-FUEL-01,EF-GASOLINE-2023,26.1344,실측,ERP,2024-10-10 08:30:00,2024-10-10 09:00:00,2024-10-15 12:41:00,user_001
FP-2024-0092,SITE-DC02,동탄 데이터센터,2024,8,이동연소,휘발유,FUEL-GASOLINE-01,11777.2,11625.7,L,1650.0,19432380,SUP-FUEL-01,EF-GASOLINE-2023,26.6229,실측,ERP,2024-10-10 08:30:00,2024-10-10 09:00:00,2024-10-14 12:53:00,user_001
FP-2024-0093,SITE-DC02,동탄 데이터센터,2024,9,이동연소,휘발유,FUEL-GASOLINE-01,11570.9,11516.0,L,1650.0,19091985,SUP-FUEL-01,EF-GASOLINE-2023,26.3716,추정,ERP,2024-10-10 08:30:00,2024-10-10 09:00:00,2024-10-18 10:36:00,user_001
FP-2024-0094,SITE-DC02,동탄 데이터센터,2024,10,이동연소,휘발유,FUEL-GASOLINE-01,11467.3,11408.8,L,1650.0,18921045,SUP-FUEL-01,EF-GASOLINE-2023,26.1262,실측,ERP,2025-01-10 08:30:00,2025-01-10 09:00:00,2025-01-14 10:49:00,user_001
FP-2024-0095,SITE-DC02,동탄 데이터센터,2024,11,이동연소,휘발유,FUEL-GASOLINE-01,11776.9,11751.5,L,1650.0,19431885,SUP-FUEL-01,EF-GASOLINE-2023,26.9109,실측,ERP,2025-01-10 08:30:00,2025-01-10 09:00:00,2025-01-15 15:25:00,user_003
FP-2024-0096,SITE-DC02,동탄 데이터센터,2024,12,이동연소,휘발유,FUEL-GASOLINE-01,11358.7,11225.8,L,1650.0,18741855,SUP-FUEL-01,EF-GASOLINE-2023,25.7071,실측,ERP,2025-01-10 08:30:00,2025-01-10 09:00:00,2025-01-13 13:54:00,user_003
FP-2024-0097,SITE-DC03,상암 데이터센터,2024,1,탈루,HFC-410A,FUEL-HFC410A-01,220.4,219.9,kg,12000.0,2644800,SUP-REF-01,EF-HFC410A-2023,459.1512,실측,ERP,2024-04-10 08:30:00,2024-04-10 09:00:00,2024-04-15 17:27:00,user_003
FP-2024-0098,SITE-DC03,상암 데이터센터,2024,2,탈루,HFC-410A,FUEL-HFC410A-01,255.6,253.0,kg,12000.0,3067200,SUP-REF-01,EF-HFC410A-2023,528.264,실측,ERP,2024-04-10 08:30:00,2024-04-10 09:00:00,2024-04-13 15:52:00,user_002
FP-2024-0099,SITE-DC03,상암 데이터센터,2024,3,탈루,HFC-410A,FUEL-HFC410A-01,326.3,320.1,kg,12000.0,3915600,SUP-REF-01,EF-HFC410A-2023,668.3688,추정,ERP,2024-04-10 08:30:00,2024-04-10 09:00:00,2024-04-18 11:27:00,user_001
FP-2024-0100,SITE-DC03,상암 데이터센터,2024,4,탈루,HFC-410A,FUEL-HFC410A-01,414.1,406.3,kg,12000.0,4969200,SUP-REF-01,EF-HFC410A-2023,848.3544,실측,ERP,2024-07-10 08:30:00,2024-07-10 09:00:00,2024-07-17 17:49:00,user_002
FP-2024-0101,SITE-DC03,상암 데이터센터,2024,5,탈루,HFC-410A,FUEL-HFC410A-01,480.3,472.5,kg,12000.0,5763600,SUP-REF-01,EF-HFC410A-2023,986.58,실측,ERP,2024-07-10 08:30:00,2024-07-10 09:00:00,2024-07-15 12:53:00,user_001
FP-2024-0102,SITE-DC03,상암 데이터센터,2024,6,탈루,HFC-410A,FUEL-HFC410A-01,544.0,539.1,kg,12000.0,6528000,SUP-REF-01,EF-HFC410A-2023,1125.6408,추정,ERP,2024-07-10 08:30:00,2024-07-10 09:00:00,2024-07-17 15:21:00,user_001
FP-2024-0103,SITE-DC03,상암 데이터센터,2024,7,탈루,HFC-410A,FUEL-HFC410A-01,549.8,546.2,kg,12000.0,6597600,SUP-REF-01,EF-HFC410A-2023,1140.4656,추정,ERP,2024-10-10 08:30:00,2024-10-10 09:00:00,2024-10-14 14:51:00,user_002
FP-2024-0104,SITE-DC03,상암 데이터센터,2024,8,탈루,HFC-410A,FUEL-HFC410A-01,514.0,505.1,kg,12000.0,6168000,SUP-REF-01,EF-HFC410A-2023,1054.6488,실측,ERP,2024-10-10 08:30:00,2024-10-10 09:00:00,2024-10-17 09:33:00,user_001
FP-2024-0105,SITE-DC03,상암 데이터센터,2024,9,탈루,HFC-410A,FUEL-HFC410A-01,432.3,426.2,kg,12000.0,5187600,SUP-REF-01,EF-HFC410A-2023,889.9056,추정,ERP,2024-10-10 08:30:00,2024-10-10 09:00:00,2024-10-17 12:44:00,user_002
FP-2024-0106,SITE-DC03,상암 데이터센터,2024,10,탈루,HFC-410A,FUEL-HFC410A-01,333.9,330.7,kg,12000.0,4006800,SUP-REF-01,EF-HFC410A-2023,690.5016,실측,ERP,2025-01-10 08:30:00,2025-01-10 09:00:00,2025-01-13 13:14:00,user_002
FP-2024-0107,SITE-DC03,상암 데이터센터,2024,11,탈루,HFC-410A,FUEL-HFC410A-01,259.5,257.9,kg,12000.0,3114000,SUP-REF-01,EF-HFC410A-2023,538.4952,실측,ERP,2025-01-10 08:30:00,2025-01-10 09:00:00,2025-01-16 17:33:00,user_002
FP-2024-0108,SITE-DC03,상암 데이터센터,2024,12,탈루,HFC-410A,FUEL-HFC410A-01,220.8,217.6,kg,12000.0,2649600,SUP-REF-01,EF-HFC410A-2023,454.3488,실측,ERP,2025-01-10 08:30:00,2025-01-10 09:00:00,2025-01-15 16:17:00,user_002
FP-2024-0109,SITE-DC03,상암 데이터센터,2024,1,고정연소,LNG,FUEL-LNG-01,890758.0,888613.7,Nm³,850.0,757144300,SUP-EN-003,EF-LNG-2023,1923.8487,실측,ERP,2024-04-10 08:30:00,2024-04-10 09:00:00,2024-04-15 10:47:00,user_003
FP-2024-0110,SITE-DC03,상암 데이터센터,2024,2,고정연소,LNG,FUEL-LNG-01,872170.4,860295.5,Nm³,850.0,741344840,SUP-EN-003,EF-LNG-2023,1862.5398,실측,ERP,2024-04-10 08:30:00,2024-04-10 09:00:00,2024-04-14 16:17:00,user_003
FP-2024-0111,SITE-DC03,상암 데이터센터,2024,3,고정연소,LNG,FUEL-LNG-01,723412.2,712578.1,Nm³,850.0,614900370,SUP-EN-003,EF-LNG-2023,1542.7316,실측,ERP,2024-04-10 08:30:00,2024-04-10 09:00:00,2024-04-13 12:18:00,user_001
FP-2024-0112,SITE-DC03,상암 데이터센터,2024,4,고정연소,LNG,FUEL-LNG-01,578537.2,575060.8,Nm³,850.0,491756620,SUP-EN-003,EF-LNG-2023,1245.0066,실측,ERP,2024-07-10 08:30:00,2024-07-10 09:00:00,2024-07-15 09:03:00,user_003
FP-2024-0113,SITE-DC03,상암 데이터센터,2024,5,고정연소,LNG,FUEL-LNG-01,518650.6,509039.0,Nm³,850.0,440853010,SUP-EN-003,EF-LNG-2023,1102.0694,추정,ERP,2024-07-10 08:30:00,2024-07-10 09:00:00,2024-07-13 09:36:00,user_002
FP-2024-0114,SITE-DC03,상암 데이터센터,2024,6,고정연소,LNG,FUEL-LNG-01,454172.2,450206.2,Nm³,850.0,386046370,SUP-EN-003,EF-LNG-2023,974.6964,실측,ERP,2024-07-10 08:30:00,2024-07-10 09:00:00,2024-07-13 13:55:00,user_002
FP-2024-0115,SITE-DC03,상암 데이터센터,2024,7,고정연소,LNG,FUEL-LNG-01,441166.6,440590.8,Nm³,850.0,374991610,SUP-EN-003,EF-LNG-2023,953.8791,추정,ERP,2024-10-10 08:30:00,2024-10-10 09:00:00,2024-10-13 09:09:00,user_001
FP-2024-0116,SITE-DC03,상암 데이터센터,2024,8,고정연소,LNG,FUEL-LNG-01,535058.4,525090.9,Nm³,850.0,454799640,SUP-EN-003,EF-LNG-2023,1136.8218,실측,ERP,2024-10-10 08:30:00,2024-10-10 09:00:00,2024-10-14 10:35:00,user_002
FP-2024-0117,SITE-DC03,상암 데이터센터,2024,9,고정연소,LNG,FUEL-LNG-01,592830.0,583600.5,Nm³,850.0,503905500,SUP-EN-003,EF-LNG-2023,1263.4951,실측,ERP,2024-10-10 08:30:00,2024-10-10 09:00:00,2024-10-17 15:28:00,user_002
FP-2024-0118,SITE-DC03,상암 데이터센터,2024,10,고정연소,LNG,FUEL-LNG-01,643992.4,636500.5,Nm³,850.0,547393540,SUP-EN-003,EF-LNG-2023,1378.0236,추정,ERP,2025-01-10 08:30:00,2025-01-10 09:00:00,2025-01-15 09:39:00,user_003
FP-2024-0119,SITE-DC03,상암 데이터센터,2024,11,고정연소,LNG,FUEL-LNG-01,702277.3,691725.2,Nm³,850.0,596935705,SUP-EN-003,EF-LNG-2023,1497.5851,실측,ERP,2025-01-10 08:30:00,2025-01-10 09:00:00,2025-01-15 10:10:00,user_001
FP-2024-0120,SITE-DC03,상암 데이터센터,2024,12,고정연소,LNG,FUEL-LNG-01,822474.6,821241.7,Nm³,850.0,699103410,SUP-EN-003,EF-LNG-2023,1777.9883,실측,ERP,2025-01-10 08:30:00,2025-01-10 09:00:00,2025-01-16 16:44:00,user_003
FP-2024-0121,SITE-DC03,상암 데이터센터,2024,1,이동연소,경유,FUEL-DIESEL-01,18965.1,18952.7,L,1650.0,31292415,SUP-FUEL-01,EF-DIESEL-2023,49.8077,실측,ERP,2024-04-10 08:30:00,2024-04-10 09:00:00,2024-04-18 13:44:00,user_002
FP-2024-0122,SITE-DC03,상암 데이터센터,2024,2,이동연소,경유,FUEL-DIESEL-01,18584.9,18498.5,L,1650.0,30665085,SUP-FUEL-01,EF-DIESEL-2023,48.6141,실측,ERP,2024-04-10 08:30:00,2024-04-10 09:00:00,2024-04-18 12:27:00,user_001
FP-2024-0123,SITE-DC03,상암 데이터센터,2024,3,이동연소,경유,FUEL-DIESEL-01,19284.4,19037.8,L,1650.0,31819260,SUP-FUEL-01,EF-DIESEL-2023,50.0313,실측,ERP,2024-04-10 08:30:00,2024-04-10 09:00:00,2024-04-14 10:03:00,user_001
FP-2024-0124,SITE-DC03,상암 데이터센터,2024,4,이동연소,경유,FUEL-DIESEL-01,19550.3,19320.4,L,1650.0,32257995,SUP-FUEL-01,EF-DIESEL-2023,50.774,실측,ERP,2024-07-10 08:30:00,2024-07-10 09:00:00,2024-07-16 10:29:00,user_003
FP-2024-0125,SITE-DC03,상암 데이터센터,2024,5,이동연소,경유,FUEL-DIESEL-01,18914.9,18763.8,L,1650.0,31209585,SUP-FUEL-01,EF-DIESEL-2023,49.3113,실측,ERP,2024-07-10 08:30:00,2024-07-10 09:00:00,2024-07-17 17:31:00,user_002
FP-2024-0126,SITE-DC03,상암 데이터센터,2024,6,이동연소,경유,FUEL-DIESEL-01,18523.9,18509.1,L,1650.0,30564435,SUP-FUEL-01,EF-DIESEL-2023,48.6419,추정,ERP,2024-07-10 08:30:00,2024-07-10 09:00:00,2024-07-18 14:38:00,user_002
FP-2024-0127,SITE-DC03,상암 데이터센터,2024,7,이동연소,경유,FUEL-DIESEL-01,18531.4,18446.9,L,1650.0,30576810,SUP-FUEL-01,EF-DIESEL-2023,48.4785,실측,ERP,2024-10-10 08:30:00,2024-10-10 09:00:00,2024-10-18 13:36:00,user_001
FP-2024-0128,SITE-DC03,상암 데이터센터,2024,8,이동연소,경유,FUEL-DIESEL-01,19354.4,19286.8,L,1650.0,31934760,SUP-FUEL-01,EF-DIESEL-2023,50.6857,추정,ERP,2024-10-10 08:30:00,2024-10-10 09:00:00,2024-10-15 11:37:00,user_002
FP-2024-0129,SITE-DC03,상암 데이터센터,2024,9,이동연소,경유,FUEL-DIESEL-01,19328.8,19140.6,L,1650.0,31892520,SUP-FUEL-01,EF-DIESEL-2023,50.3015,실측,ERP,2024-10-10 08:30:00,2024-10-10 09:00:00,2024-10-16 14:26:00,user_002
FP-2024-0130,SITE-DC03,상암 데이터센터,2024,10,이동연소,경유,FUEL-DIESEL-01,18822.5,18783.2,L,1650.0,31057125,SUP-FUEL-01,EF-DIESEL-2023,49.3622,실측,ERP,2025-01-10 08:30:00,2025-01-10 09:00:00,2025-01-15 15:44:00,user_002
FP-2024-0131,SITE-DC03,상암 데이터센터,2024,11,이동연소,경유,FUEL-DIESEL-01,19100.2,18745.8,L,1650.0,31515330,SUP-FUEL-01,EF-DIESEL-2023,49.264,실측,ERP,2025-01-10 08:30:00,2025-01-10 09:00:00,2025-01-16 10:20:00,user_002
FP-2024-0132,SITE-DC03,상암 데이터센터,2024,12,이동연소,경유,FUEL-DIESEL-01,19150.2,18785.7,L,1650.0,31597830,SUP-FUEL-01,EF-DIESEL-2023,49.3688,추정,ERP,2025-01-10 08:30:00,2025-01-10 09:00:00,2025-01-17 09:42:00,user_003
FP-2024-0133,SITE-DC04,춘천 데이터센터,2024,1,고정연소,B-C유,FUEL-BUNKER-01,19225.1,19204.3,L,1020.0,19609602,SUP-EN-003,EF-BUNKER-2023,61.9915,실측,ERP,2024-04-10 08:30:00,2024-04-10 09:00:00,2024-04-17 16:40:00,user_002
FP-2024-0134,SITE-DC04,춘천 데이터센터,2024,2,고정연소,B-C유,FUEL-BUNKER-01,18118.3,18044.8,L,1020.0,18480666,SUP-EN-003,EF-BUNKER-2023,58.2486,실측,ERP,2024-04-10 08:30:00,2024-04-10 09:00:00,2024-04-15 16:56:00,user_003
FP-2024-0135,SITE-DC04,춘천 데이터센터,2024,3,고정연소,B-C유,FUEL-BUNKER-01,14801.3,14792.8,L,1020.0,15097326,SUP-EN-003,EF-BUNKER-2023,47.7512,실측,ERP,2024-04-10 08:30:00,2024-04-10 09:00:00,2024-04-18 11:19:00,user_003
FP-2024-0136,SITE-DC04,춘천 데이터센터,2024,4,고정연소,B-C유,FUEL-BUNKER-01,13042.5,12936.9,L,1020.0,13303350,SUP-EN-003,EF-BUNKER-2023,41.7603,실측,ERP,2024-07-10 08:30:00,2024-07-10 09:00:00,2024-07-13 16:07:00,user_003
FP-2024-0137,SITE-DC04,춘천 데이터센터,2024,5,고정연소,B-C유,FUEL-BUNKER-01,12201.5,12081.1,L,1020.0,12445530,SUP-EN-003,EF-BUNKER-2023,38.9978,실측,ERP,2024-07-10 08:30:00,2024-07-10 09:00:00,2024-07-17 13:26:00,user_002
FP-2024-0138,SITE-DC04,춘천 데이터센터,2024,6,고정연소,B-C유,FUEL-BUNKER-01,10715.1,10663.1,L,1020.0,10929402,SUP-EN-003,EF-BUNKER-2023,34.4205,실측,ERP,2024-07-10 08:30:00,2024-07-10 09:00:00,2024-07-16 12:58:00,user_003
FP-2024-0139,SITE-DC04,춘천 데이터센터,2024,7,고정연소,B-C유,FUEL-BUNKER-01,10552.0,10369.6,L,1020.0,10763040,SUP-EN-003,EF-BUNKER-2023,33.4731,실측,ERP,2024-10-10 08:30:00,2024-10-10 09:00:00,2024-10-15 15:21:00,user_003
FP-2024-0140,SITE-DC04,춘천 데이터센터,2024,8,고정연소,B-C유,FUEL-BUNKER-01,11680.2,11679.6,L,1020.0,11913804,SUP-EN-003,EF-BUNKER-2023,37.7017,실측,ERP,2024-10-10 08:30:00,2024-10-10 09:00:00,2024-10-17 16:55:00,user_001
FP-2024-0141,SITE-DC04,춘천 데이터센터,2024,9,고정연소,B-C유,FUEL-BUNKER-01,13411.7,13283.0,L,1020.0,13679934,SUP-EN-003,EF-BUNKER-2023,42.8775,실측,ERP,2024-10-10 08:30:00,2024-10-10 09:00:00,2024-10-17 17:24:00,user_002
FP-2024-0142,SITE-DC04,춘천 데이터센터,2024,10,고정연소,B-C유,FUEL-BUNKER-01,15455.1,15190.9,L,1020.0,15764202,SUP-EN-003,EF-BUNKER-2023,49.0362,실측,ERP,2025-01-10 08:30:00,2025-01-10 09:00:00,2025-01-17 15:14:00,user_002
FP-2024-0143,SITE-DC04,춘천 데이터센터,2024,11,고정연소,B-C유,FUEL-BUNKER-01,16076.9,15841.0,L,1020.0,16398438,SUP-EN-003,EF-BUNKER-2023,51.1347,추정,ERP,2025-01-10 08:30:00,2025-01-10 09:00:00,2025-01-16 11:31:00,user_001
FP-2024-0144,SITE-DC04,춘천 데이터센터,2024,12,고정연소,B-C유,FUEL-BUNKER-01,17704.5,17369.2,L,1020.0,18058590,SUP-EN-003,EF-BUNKER-2023,56.0678,실측,ERP,2025-01-10 08:30:00,2025-01-10 09:00:00,2025-01-13 16:06:00,user_003
FP-2024-0145,SITE-DC04,춘천 데이터센터,2024,1,탈루,HFC-410A,FUEL-HFC410A-01,298.7,298.6,kg,12000.0,3584400,SUP-REF-01,EF-HFC410A-2023,623.4768,실측,ERP,2024-04-10 08:30:00,2024-04-10 09:00:00,2024-04-16 11:04:00,user_002
FP-2024-0146,SITE-DC04,춘천 데이터센터,2024,2,탈루,HFC-410A,FUEL-HFC410A-01,347.5,345.7,kg,12000.0,4170000,SUP-REF-01,EF-HFC410A-2023,721.8216,추정,ERP,2024-04-10 08:30:00,2024-04-10 09:00:00,2024-04-18 10:54:00,user_002
FP-2024-0147,SITE-DC04,춘천 데이터센터,2024,3,탈루,HFC-410A,FUEL-HFC410A-01,454.1,446.4,kg,12000.0,5449200,SUP-REF-01,EF-HFC410A-2023,932.0832,추정,ERP,2024-04-10 08:30:00,2024-04-10 09:00:00,2024-04-15 16:55:00,user_003
FP-2024-0148,SITE-DC04,춘천 데이터센터,2024,4,탈루,HFC-410A,FUEL-HFC410A-01,520.1,519.4,kg,12000.0,6241200,SUP-REF-01,EF-HFC410A-2023,1084.5072,실측,ERP,2024-07-10 08:30:00,2024-07-10 09:00:00,2024-07-14 10:27:00,user_001
FP-2024-0149,SITE-DC04,춘천 데이터센터,2024,5,탈루,HFC-410A,FUEL-HFC410A-01,650.3,641.3,kg,12000.0,7803600,SUP-REF-01,EF-HFC410A-2023,1339.0344,실측,ERP,2024-07-10 08:30:00,2024-07-10 09:00:00,2024-07-16 11:44:00,user_002
FP-2024-0150,SITE-DC04,춘천 데이터센터,2024,6,탈루,HFC-410A,FUEL-HFC410A-01,746.9,746.2,kg,12000.0,8962800,SUP-REF-01,EF-HFC410A-2023,1558.0656,실측,ERP,2024-07-10 08:30:00,2024-07-10 09:00:00,2024-07-15 14:23:00,user_002
FP-2024-0151,SITE-DC04,춘천 데이터센터,2024,7,탈루,HFC-410A,FUEL-HFC410A-01,720.6,713.0,kg,12000.0,8647200,SUP-REF-01,EF-HFC410A-2023,1488.744,실측,ERP,2024-10-10 08:30:00,2024-10-10 09:00:00,2024-10-14 11:05:00,user_003
FP-2024-0152,SITE-DC04,춘천 데이터센터,2024,8,탈루,HFC-410A,FUEL-HFC410A-01,703.7,695.1,kg,12000.0,8444400,SUP-REF-01,EF-HFC410A-2023,1451.3688,실측,ERP,2024-10-10 08:30:00,2024-10-10 09:00:00,2024-10-16 11:14:00,user_002
FP-2024-0153,SITE-DC04,춘천 데이터센터,2024,9,탈루,HFC-410A,FUEL-HFC410A-01,593.0,587.6,kg,12000.0,7116000,SUP-REF-01,EF-HFC410A-2023,1226.9088,실측,ERP,2024-10-10 08:30:00,2024-10-10 09:00:00,2024-10-16 13:43:00,user_003
FP-2024-0154,SITE-DC04,춘천 데이터센터,2024,10,탈루,HFC-410A,FUEL-HFC410A-01,431.9,428.1,kg,12000.0,5182800,SUP-REF-01,EF-HFC410A-2023,893.8728,실측,ERP,2025-01-10 08:30:00,2025-01-10 09:00:00,2025-01-17 13:40:00,user_002
FP-2024-0155,SITE-DC04,춘천 데이터센터,2024,11,탈루,HFC-410A,FUEL-HFC410A-01,347.0,343.9,kg,12000.0,4164000,SUP-REF-01,EF-HFC410A-2023,718.0632,실측,ERP,2025-01-10 08:30:00,2025-01-10 09:00:00,2025-01-14 15:54:00,user_002
FP-2024-0156,SITE-DC04,춘천 데이터센터,2024,12,탈루,HFC-410A,FUEL-HFC410A-01,286.7,284.5,kg,12000.0,3440400,SUP-REF-01,EF-HFC410A-2023,594.036,실측,ERP,2025-01-10 08:30:00,2025-01-10 09:00:00,2025-01-17 13:44:00,user_002
FP-2024-0157,SITE-DC04,춘천 데이터센터,2024,1,고정연소,LNG,FUEL-LNG-01,1145236.6,1126535.3,Nm³,850.0,973451110,SUP-EN-003,EF-LNG-2023,2438.9489,추정,ERP,2024-04-10 08:30:00,2024-04-10 09:00:00,2024-04-15 09:36:00,user_003
FP-2024-0158,SITE-DC04,춘천 데이터센터,2024,2,고정연소,LNG,FUEL-LNG-01,1116264.2,1094943.4,Nm³,850.0,948824570,SUP-EN-003,EF-LNG-2023,2370.5525,추정,ERP,2024-04-10 08:30:00,2024-04-10 09:00:00,2024-04-15 12:38:00,user_002
FP-2024-0159,SITE-DC04,춘천 데이터센터,2024,3,고정연소,LNG,FUEL-LNG-01,899316.5,895909.7,Nm³,850.0,764419025,SUP-EN-003,EF-LNG-2023,1939.6445,실측,ERP,2024-04-10 08:30:00,2024-04-10 09:00:00,2024-04-18 11:40:00,user_001
FP-2024-0160,SITE-DC04,춘천 데이터센터,2024,4,고정연소,LNG,FUEL-LNG-01,773505.2,763633.8,Nm³,850.0,657479420,SUP-EN-003,EF-LNG-2023,1653.2672,실측,ERP,2024-07-10 08:30:00,2024-07-10 09:00:00,2024-07-16 09:37:00,user_002
FP-2024-0161,SITE-DC04,춘천 데이터센터,2024,5,고정연소,LNG,FUEL-LNG-01,673195.5,671984.1,Nm³,850.0,572216175,SUP-EN-003,EF-LNG-2023,1454.8456,실측,ERP,2024-07-10 08:30:00,2024-07-10 09:00:00,2024-07-15 15:11:00,user_001
FP-2024-0162,SITE-DC04,춘천 데이터센터,2024,6,고정연소,LNG,FUEL-LNG-01,573220.7,567102.7,Nm³,850.0,487237595,SUP-EN-003,EF-LNG-2023,1227.7773,실측,ERP,2024-07-10 08:30:00,2024-07-10 09:00:00,2024-07-17 17:58:00,user_002
FP-2024-0163,SITE-DC04,춘천 데이터센터,2024,7,고정연소,LNG,FUEL-LNG-01,594439.2,591399.8,Nm³,850.0,505273320,SUP-EN-003,EF-LNG-2023,1280.3806,추정,ERP,2024-10-10 08:30:00,2024-10-10 09:00:00,2024-10-15 14:51:00,user_001
FP-2024-0164,SITE-DC04,춘천 데이터센터,2024,8,고정연소,LNG,FUEL-LNG-01,662481.3,661485.1,Nm³,850.0,563109105,SUP-EN-003,EF-LNG-2023,1432.1152,실측,ERP,2024-10-10 08:30:00,2024-10-10 09:00:00,2024-10-18 15:54:00,user_003
FP-2024-0165,SITE-DC04,춘천 데이터센터,2024,9,고정연소,LNG,FUEL-LNG-01,751278.3,739582.8,Nm³,850.0,638586555,SUP-EN-003,EF-LNG-2023,1601.1968,실측,ERP,2024-10-10 08:30:00,2024-10-10 09:00:00,2024-10-15 17:07:00,user_002
FP-2024-0166,SITE-DC04,춘천 데이터센터,2024,10,고정연소,LNG,FUEL-LNG-01,834210.6,821898.4,Nm³,850.0,709079010,SUP-EN-003,EF-LNG-2023,1779.41,실측,ERP,2025-01-10 08:30:00,2025-01-10 09:00:00,2025-01-17 15:52:00,user_003
FP-2024-0167,SITE-DC04,춘천 데이터센터,2024,11,고정연소,LNG,FUEL-LNG-01,937373.9,935347.1,Nm³,850.0,796767815,SUP-EN-003,EF-LNG-2023,2025.0265,실측,ERP,2025-01-10 08:30:00,2025-01-10 09:00:00,2025-01-16 09:39:00,user_003
FP-2024-0168,SITE-DC04,춘천 데이터센터,2024,12,고정연소,LNG,FUEL-LNG-01,1078850.9,1065845.8,Nm³,850.0,917023265,SUP-EN-003,EF-LNG-2023,2307.5562,실측,ERP,2025-01-10 08:30:00,2025-01-10 09:00:00,2025-01-18 16:58:00,user_003
FP-2024-0169,SITE-DC04,춘천 데이터센터,2024,1,이동연소,경유,FUEL-DIESEL-01,23643.6,23452.1,L,1650.0,39011940,SUP-FUEL-01,EF-DIESEL-2023,61.6321,실측,ERP,2024-04-10 08:30:00,2024-04-10 09:00:00,2024-04-13 09:19:00,user_002
FP-2024-0170,SITE-DC04,춘천 데이터센터,2024,2,이동연소,경유,FUEL-DIESEL-01,23296.0,23187.1,L,1650.0,38438400,SUP-FUEL-01,EF-DIESEL-2023,60.9357,실측,ERP,2024-04-10 08:30:00,2024-04-10 09:00:00,2024-04-16 16:23:00,user_003
FP-2024-0171,SITE-DC04,춘천 데이터센터,2024,3,이동연소,경유,FUEL-DIESEL-01,24713.2,24373.7,L,1650.0,40776780,SUP-FUEL-01,EF-DIESEL-2023,64.0541,추정,ERP,2024-04-10 08:30:00,2024-04-10 09:00:00,2024-04-17 11:56:00,user_002
FP-2024-0172,SITE-DC04,춘천 데이터센터,2024,4,이동연소,경유,FUEL-DIESEL-01,24353.8,23954.4,L,1650.0,40183770,SUP-FUEL-01,EF-DIESEL-2023,62.9522,추정,ERP,2024-07-10 08:30:00,2024-07-10 09:00:00,2024-07-15 09:44:00,user_002
FP-2024-0173,SITE-DC04,춘천 데이터센터,2024,5,이동연소,경유,FUEL-DIESEL-01,23538.7,23331.2,L,1650.0,38838855,SUP-FUEL-01,EF-DIESEL-2023,61.3144,실측,ERP,2024-07-10 08:30:00,2024-07-10 09:00:00,2024-07-15 10:43:00,user_002
FP-2024-0174,SITE-DC04,춘천 데이터센터,2024,6,이동연소,경유,FUEL-DIESEL-01,24262.5,23797.1,L,1650.0,40033125,SUP-FUEL-01,EF-DIESEL-2023,62.5388,실측,ERP,2024-07-10 08:30:00,2024-07-10 09:00:00,2024-07-13 15:17:00,user_001
FP-2024-0175,SITE-DC04,춘천 데이터센터,2024,7,이동연소,경유,FUEL-DIESEL-01,24863.6,24400.5,L,1650.0,41024940,SUP-FUEL-01,EF-DIESEL-2023,64.1245,추정,ERP,2024-10-10 08:30:00,2024-10-10 09:00:00,2024-10-13 12:41:00,user_003
FP-2024-0176,SITE-DC04,춘천 데이터센터,2024,8,이동연소,경유,FUEL-DIESEL-01,23882.3,23872.1,L,1650.0,39405795,SUP-FUEL-01,EF-DIESEL-2023,62.7359,실측,ERP,2024-10-10 08:30:00,2024-10-10 09:00:00,2024-10-14 11:50:00,user_003
FP-2024-0177,SITE-DC04,춘천 데이터센터,2024,9,이동연소,경유,FUEL-DIESEL-01,23700.9,23314.0,L,1650.0,39106485,SUP-FUEL-01,EF-DIESEL-2023,61.2692,실측,ERP,2024-10-10 08:30:00,2024-10-10 09:00:00,2024-10-17 12:52:00,user_001
FP-2024-0178,SITE-DC04,춘천 데이터센터,2024,10,이동연소,경유,FUEL-DIESEL-01,23558.9,23489.6,L,1650.0,38872185,SUP-FUEL-01,EF-DIESEL-2023,61.7307,실측,ERP,2025-01-10 08:30:00,2025-01-10 09:00:00,2025-01-15 11:08:00,user_003
FP-2024-0179,SITE-DC04,춘천 데이터센터,2024,11,이동연소,경유,FUEL-DIESEL-01,23460.3,23378.7,L,1650.0,38709495,SUP-FUEL-01,EF-DIESEL-2023,61.4392,실측,ERP,2025-01-10 08:30:00,2025-01-10 09:00:00,2025-01-14 09:22:00,user_001
FP-2024-0180,SITE-DC04,춘천 데이터센터,2024,12,이동연소,경유,FUEL-DIESEL-01,23867.8,23860.3,L,1650.0,39381870,SUP-FUEL-01,EF-DIESEL-2023,62.7049,실측,ERP,2025-01-10 08:30:00,2025-01-10 09:00:00,2025-01-13 11:47:00,user_002
FP-2024-0181,SITE-DC04,춘천 데이터센터,2024,1,이동연소,휘발유,FUEL-GASOLINE-01,9570.5,9429.9,L,1650.0,15791325,SUP-FUEL-01,EF-GASOLINE-2023,21.5945,추정,ERP,2024-04-10 08:30:00,2024-04-10 09:00:00,2024-04-16 14:32:00,user_003
FP-2024-0182,SITE-DC04,춘천 데이터센터,2024,2,이동연소,휘발유,FUEL-GASOLINE-01,9287.0,9194.4,L,1650.0,15323550,SUP-FUEL-01,EF-GASOLINE-2023,21.0552,실측,ERP,2024-04-10 08:30:00,2024-04-10 09:00:00,2024-04-18 17:19:00,user_002
FP-2024-0183,SITE-DC04,춘천 데이터센터,2024,3,이동연소,휘발유,FUEL-GASOLINE-01,9502.1,9496.2,L,1650.0,15678465,SUP-FUEL-01,EF-GASOLINE-2023,21.7463,추정,ERP,2024-04-10 08:30:00,2024-04-10 09:00:00,2024-04-16 15:43:00,user_001
FP-2024-0184,SITE-DC04,춘천 데이터센터,2024,4,이동연소,휘발유,FUEL-GASOLINE-01,9580.9,9409.7,L,1650.0,15808485,SUP-FUEL-01,EF-GASOLINE-2023,21.5482,실측,ERP,2024-07-10 08:30:00,2024-07-10 09:00:00,2024-07-13 14:38:00,user_001
FP-2024-0185,SITE-DC04,춘천 데이터센터,2024,5,이동연소,휘발유,FUEL-GASOLINE-01,9220.3,9169.9,L,1650.0,15213495,SUP-FUEL-01,EF-GASOLINE-2023,20.9991,실측,ERP,2024-07-10 08:30:00,2024-07-10 09:00:00,2024-07-16 17:18:00,user_002
FP-2024-0186,SITE-DC04,춘천 데이터센터,2024,6,이동연소,휘발유,FUEL-GASOLINE-01,9499.3,9418.3,L,1650.0,15673845,SUP-FUEL-01,EF-GASOLINE-2023,21.5679,실측,ERP,2024-07-10 08:30:00,2024-07-10 09:00:00,2024-07-18 17:46:00,user_001
FP-2024-0187,SITE-DC04,춘천 데이터센터,2024,7,이동연소,휘발유,FUEL-GASOLINE-01,9542.2,9375.7,L,1650.0,15744630,SUP-FUEL-01,EF-GASOLINE-2023,21.4704,추정,ERP,2024-10-10 08:30:00,2024-10-10 09:00:00,2024-10-15 16:25:00,user_002
FP-2024-0188,SITE-DC04,춘천 데이터센터,2024,8,이동연소,휘발유,FUEL-GASOLINE-01,9604.6,9544.9,L,1650.0,15847590,SUP-FUEL-01,EF-GASOLINE-2023,21.8578,실측,ERP,2024-10-10 08:30:00,2024-10-10 09:00:00,2024-10-18 13:23:00,user_001
FP-2024-0189,SITE-DC04,춘천 데이터센터,2024,9,이동연소,휘발유,FUEL-GASOLINE-01,9611.0,9520.7,L,1650.0,15858150,SUP-FUEL-01,EF-GASOLINE-2023,21.8024,실측,ERP,2024-10-10 08:30:00,2024-10-10 09:00:00,2024-10-13 10:27:00,user_001
FP-2024-0190,SITE-DC04,춘천 데이터센터,2024,10,이동연소,휘발유,FUEL-GASOLINE-01,9624.6,9553.4,L,1650.0,15880590,SUP-FUEL-01,EF-GASOLINE-2023,21.8773,실측,ERP,2025-01-10 08:30:00,2025-01-10 09:00:00,2025-01-17 09:37:00,user_003
FP-2024-0191,SITE-DC04,춘천 데이터센터,2024,11,이동연소,휘발유,FUEL-GASOLINE-01,9576.6,9450.0,L,1650.0,15801390,SUP-FUEL-01,EF-GASOLINE-2023,21.6405,추정,ERP,2025-01-10 08:30:00,2025-01-10 09:00:00,2025-01-15 15:55:00,user_003
FP-2024-0192,SITE-DC04,춘천 데이터센터,2024,12,이동연소,휘발유,FUEL-GASOLINE-01,9214.5,9161.8,L,1650.0,15203925,SUP-FUEL-01,EF-GASOLINE-2023,20.9805,실측,ERP,2025-01-10 08:30:00,2025-01-10 09:00:00,2025-01-15 10:36:00,user_003
FP-2024-0193,SITE-DC05,판교 데이터센터,2024,1,탈루,HFC-410A,FUEL-HFC410A-01,145.1,143.2,kg,12000.0,1741200,SUP-REF-01,EF-HFC410A-2023,299.0016,실측,ERP,2024-04-10 08:30:00,2024-04-10 09:00:00,2024-04-13 14:54:00,user_003
FP-2024-0194,SITE-DC05,판교 데이터센터,2024,2,탈루,HFC-410A,FUEL-HFC410A-01,171.2,168.6,kg,12000.0,2054400,SUP-REF-01,EF-HFC410A-2023,352.0368,실측,ERP,2024-04-10 08:30:00,2024-04-10 09:00:00,2024-04-16 17:49:00,user_003
FP-2024-0195,SITE-DC05,판교 데이터센터,2024,3,탈루,HFC-410A,FUEL-HFC410A-01,222.8,220.0,kg,12000.0,2673600,SUP-REF-01,EF-HFC410A-2023,459.36,실측,ERP,2024-04-10 08:30:00,2024-04-10 09:00:00,2024-04-17 13:01:00,user_001
FP-2024-0196,SITE-DC05,판교 데이터센터,2024,4,탈루,HFC-410A,FUEL-HFC410A-01,267.5,263.5,kg,12000.0,3210000,SUP-REF-01,EF-HFC410A-2023,550.188,실측,ERP,2024-07-10 08:30:00,2024-07-10 09:00:00,2024-07-15 09:11:00,user_001
FP-2024-0197,SITE-DC05,판교 데이터센터,2024,5,탈루,HFC-410A,FUEL-HFC410A-01,319.5,317.0,kg,12000.0,3834000,SUP-REF-01,EF-HFC410A-2023,661.896,실측,ERP,2024-07-10 08:30:00,2024-07-10 09:00:00,2024-07-18 09:05:00,user_003
FP-2024-0198,SITE-DC05,판교 데이터센터,2024,6,탈루,HFC-410A,FUEL-HFC410A-01,367.6,364.9,kg,12000.0,4411200,SUP-REF-01,EF-HFC410A-2023,761.9112,추정,ERP,2024-07-10 08:30:00,2024-07-10 09:00:00,2024-07-15 11:23:00,user_002
FP-2024-0199,SITE-DC05,판교 데이터센터,2024,7,탈루,HFC-410A,FUEL-HFC410A-01,374.8,369.1,kg,12000.0,4497600,SUP-REF-01,EF-HFC410A-2023,770.6808,실측,ERP,2024-10-10 08:30:00,2024-10-10 09:00:00,2024-10-13 11:10:00,user_003
FP-2024-0200,SITE-DC05,판교 데이터센터,2024,8,탈루,HFC-410A,FUEL-HFC410A-01,331.3,330.8,kg,12000.0,3975600,SUP-REF-01,EF-HFC410A-2023,690.7104,추정,ERP,2024-10-10 08:30:00,2024-10-10 09:00:00,2024-10-18 15:31:00,user_003
FP-2024-0201,SITE-DC05,판교 데이터센터,2024,9,탈루,HFC-410A,FUEL-HFC410A-01,292.0,290.4,kg,12000.0,3504000,SUP-REF-01,EF-HFC410A-2023,606.3552,실측,ERP,2024-10-10 08:30:00,2024-10-10 09:00:00,2024-10-15 15:07:00,user_002
FP-2024-0202,SITE-DC05,판교 데이터센터,2024,10,탈루,HFC-410A,FUEL-HFC410A-01,223.5,220.9,kg,12000.0,2682000,SUP-REF-01,EF-HFC410A-2023,461.2392,실측,ERP,2025-01-10 08:30:00,2025-01-10 09:00:00,2025-01-13 12:25:00,user_003
FP-2024-0203,SITE-DC05,판교 데이터센터,2024,11,탈루,HFC-410A,FUEL-HFC410A-01,166.1,165.4,kg,12000.0,1993200,SUP-REF-01,EF-HFC410A-2023,345.3552,실측,ERP,2025-01-10 08:30:00,2025-01-10 09:00:00,2025-01-14 13:18:00,user_002
FP-2024-0204,SITE-DC05,판교 데이터센터,2024,12,탈루,HFC-410A,FUEL-HFC410A-01,143.8,142.4,kg,12000.0,1725600,SUP-REF-01,EF-HFC410A-2023,297.3312,추정,ERP,2025-01-10 08:30:00,2025-01-10 09:00:00,2025-01-14 11:24:00,user_003
FP-2024-0205,SITE-DC05,판교 데이터센터,2024,1,고정연소,LNG,FUEL-LNG-01,526987.4,521767.0,Nm³,850.0,447939290,SUP-EN-003,EF-LNG-2023,1129.6256,실측,ERP,2024-04-10 08:30:00,2024-04-10 09:00:00,2024-04-13 15:55:00,user_003
FP-2024-0206,SITE-DC05,판교 데이터센터,2024,2,고정연소,LNG,FUEL-LNG-01,465678.6,465504.1,Nm³,850.0,395826810,SUP-EN-003,EF-LNG-2023,1007.8164,실측,ERP,2024-04-10 08:30:00,2024-04-10 09:00:00,2024-04-15 15:36:00,user_002
FP-2024-0207,SITE-DC05,판교 데이터센터,2024,3,고정연소,LNG,FUEL-LNG-01,413527.3,410101.4,Nm³,850.0,351498205,SUP-EN-003,EF-LNG-2023,887.8695,실측,ERP,2024-04-10 08:30:00,2024-04-10 09:00:00,2024-04-16 09:20:00,user_001
FP-2024-0208,SITE-DC05,판교 데이터센터,2024,4,고정연소,LNG,FUEL-LNG-01,341533.9,337363.2,Nm³,850.0,290303815,SUP-EN-003,EF-LNG-2023,730.3913,실측,ERP,2024-07-10 08:30:00,2024-07-10 09:00:00,2024-07-13 15:54:00,user_001
FP-2024-0209,SITE-DC05,판교 데이터센터,2024,5,고정연소,LNG,FUEL-LNG-01,293432.2,290016.6,Nm³,850.0,249417370,SUP-EN-003,EF-LNG-2023,627.8859,실측,ERP,2024-07-10 08:30:00,2024-07-10 09:00:00,2024-07-16 13:47:00,user_002
FP-2024-0210,SITE-DC05,판교 데이터센터,2024,6,고정연소,LNG,FUEL-LNG-01,257377.3,253428.3,Nm³,850.0,218770705,SUP-EN-003,EF-LNG-2023,548.6723,실측,ERP,2024-07-10 08:30:00,2024-07-10 09:00:00,2024-07-17 10:33:00,user_003
FP-2024-0211,SITE-DC05,판교 데이터센터,2024,7,고정연소,LNG,FUEL-LNG-01,256928.1,253000.4,Nm³,850.0,218388885,SUP-EN-003,EF-LNG-2023,547.7459,실측,ERP,2024-10-10 08:30:00,2024-10-10 09:00:00,2024-10-18 11:15:00,user_001
FP-2024-0212,SITE-DC05,판교 데이터센터,2024,8,고정연소,LNG,FUEL-LNG-01,289442.1,288304.6,Nm³,850.0,246025785,SUP-EN-003,EF-LNG-2023,624.1795,실측,ERP,2024-10-10 08:30:00,2024-10-10 09:00:00,2024-10-18 10:11:00,user_003
FP-2024-0213,SITE-DC05,판교 데이터센터,2024,9,고정연소,LNG,FUEL-LNG-01,336253.5,331255.2,Nm³,850.0,285815475,SUP-EN-003,EF-LNG-2023,717.1675,추정,ERP,2024-10-10 08:30:00,2024-10-10 09:00:00,2024-10-18 14:55:00,user_003
FP-2024-0214,SITE-DC05,판교 데이터센터,2024,10,고정연소,LNG,FUEL-LNG-01,367332.1,364129.5,Nm³,850.0,312232285,SUP-EN-003,EF-LNG-2023,788.3404,추정,ERP,2025-01-10 08:30:00,2025-01-10 09:00:00,2025-01-16 13:50:00,user_002
FP-2024-0215,SITE-DC05,판교 데이터센터,2024,11,고정연소,LNG,FUEL-LNG-01,410098.4,407232.0,Nm³,850.0,348583640,SUP-EN-003,EF-LNG-2023,881.6573,실측,ERP,2025-01-10 08:30:00,2025-01-10 09:00:00,2025-01-15 16:28:00,user_001
FP-2024-0216,SITE-DC05,판교 데이터센터,2024,12,고정연소,LNG,FUEL-LNG-01,473673.2,465923.1,Nm³,850.0,402622220,SUP-EN-003,EF-LNG-2023,1008.7235,실측,ERP,2025-01-10 08:30:00,2025-01-10 09:00:00,2025-01-18 10:39:00,user_003
FP-2024-0217,SITE-DC05,판교 데이터센터,2024,1,이동연소,경유,FUEL-DIESEL-01,15975.7,15829.2,L,1650.0,26359905,SUP-FUEL-01,EF-DIESEL-2023,41.5991,실측,ERP,2024-04-10 08:30:00,2024-04-10 09:00:00,2024-04-16 12:20:00,user_003
FP-2024-0218,SITE-DC05,판교 데이터센터,2024,2,이동연소,경유,FUEL-DIESEL-01,15847.1,15799.4,L,1650.0,26147715,SUP-FUEL-01,EF-DIESEL-2023,41.5208,실측,ERP,2024-04-10 08:30:00,2024-04-10 09:00:00,2024-04-16 10:51:00,user_002
FP-2024-0219,SITE-DC05,판교 데이터센터,2024,3,이동연소,경유,FUEL-DIESEL-01,16308.0,16280.5,L,1650.0,26908200,SUP-FUEL-01,EF-DIESEL-2023,42.7852,실측,ERP,2024-04-10 08:30:00,2024-04-10 09:00:00,2024-04-13 12:45:00,user_002
FP-2024-0220,SITE-DC05,판교 데이터센터,2024,4,이동연소,경유,FUEL-DIESEL-01,16459.3,16288.6,L,1650.0,27157845,SUP-FUEL-01,EF-DIESEL-2023,42.8064,실측,ERP,2024-07-10 08:30:00,2024-07-10 09:00:00,2024-07-15 14:58:00,user_002
FP-2024-0221,SITE-DC05,판교 데이터센터,2024,5,이동연소,경유,FUEL-DIESEL-01,15959.0,15715.6,L,1650.0,26332350,SUP-FUEL-01,EF-DIESEL-2023,41.3006,실측,ERP,2024-07-10 08:30:00,2024-07-10 09:00:00,2024-07-18 14:04:00,user_002
FP-2024-0222,SITE-DC05,판교 데이터센터,2024,6,이동연소,경유,FUEL-DIESEL-01,15647.1,15437.6,L,1650.0,25817715,SUP-FUEL-01,EF-DIESEL-2023,40.57,실측,ERP,2024-07-10 08:30:00,2024-07-10 09:00:00,2024-07-15 11:21:00,user_001
FP-2024-0223,SITE-DC05,판교 데이터센터,2024,7,이동연소,경유,FUEL-DIESEL-01,15946.1,15901.1,L,1650.0,26311065,SUP-FUEL-01,EF-DIESEL-2023,41.7881,실측,ERP,2024-10-10 08:30:00,2024-10-10 09:00:00,2024-10-15 15:08:00,user_003
FP-2024-0224,SITE-DC05,판교 데이터센터,2024,8,이동연소,경유,FUEL-DIESEL-01,16047.9,16020.8,L,1650.0,26479035,SUP-FUEL-01,EF-DIESEL-2023,42.1027,추정,ERP,2024-10-10 08:30:00,2024-10-10 09:00:00,2024-10-18 14:52:00,user_001
FP-2024-0225,SITE-DC05,판교 데이터센터,2024,9,이동연소,경유,FUEL-DIESEL-01,16249.0,15984.0,L,1650.0,26810850,SUP-FUEL-01,EF-DIESEL-2023,42.006,실측,ERP,2024-10-10 08:30:00,2024-10-10 09:00:00,2024-10-18 15:32:00,user_002
FP-2024-0226,SITE-DC05,판교 데이터센터,2024,10,이동연소,경유,FUEL-DIESEL-01,15460.0,15365.1,L,1650.0,25509000,SUP-FUEL-01,EF-DIESEL-2023,40.3795,실측,ERP,2025-01-10 08:30:00,2025-01-10 09:00:00,2025-01-15 16:12:00,user_001
FP-2024-0227,SITE-DC05,판교 데이터센터,2024,11,이동연소,경유,FUEL-DIESEL-01,16347.7,16297.2,L,1650.0,26973705,SUP-FUEL-01,EF-DIESEL-2023,42.829,실측,ERP,2025-01-10 08:30:00,2025-01-10 09:00:00,2025-01-13 17:49:00,user_003
FP-2024-0228,SITE-DC05,판교 데이터센터,2024,12,이동연소,경유,FUEL-DIESEL-01,16426.0,16140.7,L,1650.0,27102900,SUP-FUEL-01,EF-DIESEL-2023,42.4178,실측,ERP,2025-01-10 08:30:00,2025-01-10 09:00:00,2025-01-18 14:56:00,user_003
FP-2024-0229,SITE-OF01,잠실 본사,2024,1,고정연소,LNG,FUEL-LNG-01,380891.0,378042.7,Nm³,850.0,323757350,SUP-EN-003,EF-LNG-2023,818.4624,실측,ERP,2024-04-10 08:30:00,2024-04-10 09:00:00,2024-04-14 11:46:00,user_002
FP-2024-0230,SITE-OF01,잠실 본사,2024,2,고정연소,LNG,FUEL-LNG-01,351702.0,349158.0,Nm³,850.0,298946700,SUP-EN-003,EF-LNG-2023,755.9271,실측,ERP,2024-04-10 08:30:00,2024-04-10 09:00:00,2024-04-16 13:48:00,user_003
FP-2024-0231,SITE-OF01,잠실 본사,2024,3,고정연소,LNG,FUEL-LNG-01,310376.0,308930.2,Nm³,850.0,263819600,SUP-EN-003,EF-LNG-2023,668.8339,실측,ERP,2024-04-10 08:30:00,2024-04-10 09:00:00,2024-04-15 16:57:00,user_001
FP-2024-0232,SITE-OF01,잠실 본사,2024,4,고정연소,LNG,FUEL-LNG-01,251228.9,246558.4,Nm³,850.0,213544565,SUP-EN-003,EF-LNG-2023,533.7989,추정,ERP,2024-07-10 08:30:00,2024-07-10 09:00:00,2024-07-16 13:49:00,user_002
FP-2024-0233,SITE-OF01,잠실 본사,2024,5,고정연소,LNG,FUEL-LNG-01,222803.4,220953.3,Nm³,850.0,189382890,SUP-EN-003,EF-LNG-2023,478.3639,실측,ERP,2024-07-10 08:30:00,2024-07-10 09:00:00,2024-07-14 11:55:00,user_002
FP-2024-0234,SITE-OF01,잠실 본사,2024,6,고정연소,LNG,FUEL-LNG-01,189914.6,188106.6,Nm³,850.0,161427410,SUP-EN-003,EF-LNG-2023,407.2508,실측,ERP,2024-07-10 08:30:00,2024-07-10 09:00:00,2024-07-17 10:45:00,user_003
FP-2024-0235,SITE-OF01,잠실 본사,2024,7,고정연소,LNG,FUEL-LNG-01,198498.6,197373.3,Nm³,850.0,168723810,SUP-EN-003,EF-LNG-2023,427.3132,실측,ERP,2024-10-10 08:30:00,2024-10-10 09:00:00,2024-10-15 16:57:00,user_003
FP-2024-0236,SITE-OF01,잠실 본사,2024,8,고정연소,LNG,FUEL-LNG-01,218132.4,216240.4,Nm³,850.0,185412540,SUP-EN-003,EF-LNG-2023,468.1605,실측,ERP,2024-10-10 08:30:00,2024-10-10 09:00:00,2024-10-16 14:59:00,user_001
FP-2024-0237,SITE-OF01,잠실 본사,2024,9,고정연소,LNG,FUEL-LNG-01,249220.6,247260.1,Nm³,850.0,211837510,SUP-EN-003,EF-LNG-2023,535.3181,실측,ERP,2024-10-10 08:30:00,2024-10-10 09:00:00,2024-10-14 15:05:00,user_002
FP-2024-0238,SITE-OF01,잠실 본사,2024,10,고정연소,LNG,FUEL-LNG-01,273310.5,271579.5,Nm³,850.0,232313925,SUP-EN-003,EF-LNG-2023,587.9696,실측,ERP,2025-01-10 08:30:00,2025-01-10 09:00:00,2025-01-18 14:50:00,user_001
FP-2024-0239,SITE-OF01,잠실 본사,2024,11,고정연소,LNG,FUEL-LNG-01,298857.8,297152.9,Nm³,850.0,254029130,SUP-EN-003,EF-LNG-2023,643.336,추정,ERP,2025-01-10 08:30:00,2025-01-10 09:00:00,2025-01-18 11:48:00,user_003
FP-2024-0240,SITE-OF01,잠실 본사,2024,12,고정연소,LNG,FUEL-LNG-01,362731.0,358321.2,Nm³,850.0,308321350,SUP-EN-003,EF-LNG-2023,775.7654,실측,ERP,2025-01-10 08:30:00,2025-01-10 09:00:00,2025-01-13 13:13:00,user_001
FP-2024-0241,SITE-OF01,잠실 본사,2024,1,이동연소,경유,FUEL-DIESEL-01,19319.6,19042.6,L,1650.0,31877340,SUP-FUEL-01,EF-DIESEL-2023,50.044,추정,ERP,2024-04-10 08:30:00,2024-04-10 09:00:00,2024-04-13 13:15:00,user_002
FP-2024-0242,SITE-OF01,잠실 본사,2024,2,이동연소,경유,FUEL-DIESEL-01,18644.7,18556.2,L,1650.0,30763755,SUP-FUEL-01,EF-DIESEL-2023,48.7657,추정,ERP,2024-04-10 08:30:00,2024-04-10 09:00:00,2024-04-13 10:53:00,user_002
FP-2024-0243,SITE-OF01,잠실 본사,2024,3,이동연소,경유,FUEL-DIESEL-01,19103.5,19097.2,L,1650.0,31520775,SUP-FUEL-01,EF-DIESEL-2023,50.1874,실측,ERP,2024-04-10 08:30:00,2024-04-10 09:00:00,2024-04-18 11:18:00,user_002
FP-2024-0244,SITE-OF01,잠실 본사,2024,4,이동연소,경유,FUEL-DIESEL-01,18549.2,18419.2,L,1650.0,30606180,SUP-FUEL-01,EF-DIESEL-2023,48.4057,추정,ERP,2024-07-10 08:30:00,2024-07-10 09:00:00,2024-07-14 10:33:00,user_002
FP-2024-0245,SITE-OF01,잠실 본사,2024,5,이동연소,경유,FUEL-DIESEL-01,18689.1,18494.5,L,1650.0,30837015,SUP-FUEL-01,EF-DIESEL-2023,48.6035,실측,ERP,2024-07-10 08:30:00,2024-07-10 09:00:00,2024-07-16 16:02:00,user_003
FP-2024-0246,SITE-OF01,잠실 본사,2024,6,이동연소,경유,FUEL-DIESEL-01,18999.0,18858.2,L,1650.0,31348350,SUP-FUEL-01,EF-DIESEL-2023,49.5593,실측,ERP,2024-07-10 08:30:00,2024-07-10 09:00:00,2024-07-15 10:22:00,user_001
FP-2024-0247,SITE-OF01,잠실 본사,2024,7,이동연소,경유,FUEL-DIESEL-01,19494.3,19252.4,L,1650.0,32165595,SUP-FUEL-01,EF-DIESEL-2023,50.5953,실측,ERP,2024-10-10 08:30:00,2024-10-10 09:00:00,2024-10-14 09:22:00,user_003
FP-2024-0248,SITE-OF01,잠실 본사,2024,8,이동연소,경유,FUEL-DIESEL-01,19044.8,18803.1,L,1650.0,31423920,SUP-FUEL-01,EF-DIESEL-2023,49.4145,추정,ERP,2024-10-10 08:30:00,2024-10-10 09:00:00,2024-10-18 16:40:00,user_001
FP-2024-0249,SITE-OF01,잠실 본사,2024,9,이동연소,경유,FUEL-DIESEL-01,19366.3,19341.9,L,1650.0,31954395,SUP-FUEL-01,EF-DIESEL-2023,50.8305,추정,ERP,2024-10-10 08:30:00,2024-10-10 09:00:00,2024-10-13 13:12:00,user_001
FP-2024-0250,SITE-OF01,잠실 본사,2024,10,이동연소,경유,FUEL-DIESEL-01,19660.9,19318.7,L,1650.0,32440485,SUP-FUEL-01,EF-DIESEL-2023,50.7695,실측,ERP,2025-01-10 08:30:00,2025-01-10 09:00:00,2025-01-15 17:25:00,user_003
FP-2024-0251,SITE-OF01,잠실 본사,2024,11,이동연소,경유,FUEL-DIESEL-01,18970.6,18956.7,L,1650.0,31301490,SUP-FUEL-01,EF-DIESEL-2023,49.8182,실측,ERP,2025-01-10 08:30:00,2025-01-10 09:00:00,2025-01-15 14:55:00,user_001
FP-2024-0252,SITE-OF01,잠실 본사,2024,12,이동연소,경유,FUEL-DIESEL-01,19532.5,19403.7,L,1650.0,32228625,SUP-FUEL-01,EF-DIESEL-2023,50.9929,실측,ERP,2025-01-10 08:30:00,2025-01-10 09:00:00,2025-01-15 15:56:00,user_002
FP-2024-0253,SITE-OF01,잠실 본사,2024,1,이동연소,휘발유,FUEL-GASOLINE-01,19447.1,19105.3,L,1650.0,32087715,SUP-FUEL-01,EF-GASOLINE-2023,43.7511,추정,ERP,2024-04-10 08:30:00,2024-04-10 09:00:00,2024-04-15 11:31:00,user_003
FP-2024-0254,SITE-OF01,잠실 본사,2024,2,이동연소,휘발유,FUEL-GASOLINE-01,19175.7,18827.6,L,1650.0,31639905,SUP-FUEL-01,EF-GASOLINE-2023,43.1152,실측,ERP,2024-04-10 08:30:00,2024-04-10 09:00:00,2024-04-13 15:05:00,user_002
FP-2024-0255,SITE-OF01,잠실 본사,2024,3,이동연소,휘발유,FUEL-GASOLINE-01,19257.8,18946.2,L,1650.0,31775370,SUP-FUEL-01,EF-GASOLINE-2023,43.3868,실측,ERP,2024-04-10 08:30:00,2024-04-10 09:00:00,2024-04-15 10:05:00,user_002
FP-2024-0256,SITE-OF01,잠실 본사,2024,4,이동연소,휘발유,FUEL-GASOLINE-01,19128.7,19012.2,L,1650.0,31562355,SUP-FUEL-01,EF-GASOLINE-2023,43.5379,추정,ERP,2024-07-10 08:30:00,2024-07-10 09:00:00,2024-07-14 16:22:00,user_002
FP-2024-0257,SITE-OF01,잠실 본사,2024,5,이동연소,휘발유,FUEL-GASOLINE-01,18632.0,18313.3,L,1650.0,30742800,SUP-FUEL-01,EF-GASOLINE-2023,41.9375,실측,ERP,2024-07-10 08:30:00,2024-07-10 09:00:00,2024-07-17 15:17:00,user_003
FP-2024-0258,SITE-OF01,잠실 본사,2024,6,이동연소,휘발유,FUEL-GASOLINE-01,19740.1,19372.8,L,1650.0,32571165,SUP-FUEL-01,EF-GASOLINE-2023,44.3637,실측,ERP,2024-07-10 08:30:00,2024-07-10 09:00:00,2024-07-18 15:23:00,user_003
FP-2024-0259,SITE-OF01,잠실 본사,2024,7,이동연소,휘발유,FUEL-GASOLINE-01,19431.1,19170.6,L,1650.0,32061315,SUP-FUEL-01,EF-GASOLINE-2023,43.9007,실측,ERP,2024-10-10 08:30:00,2024-10-10 09:00:00,2024-10-14 16:02:00,user_001
FP-2024-0260,SITE-OF01,잠실 본사,2024,8,이동연소,휘발유,FUEL-GASOLINE-01,18627.1,18341.5,L,1650.0,30734715,SUP-FUEL-01,EF-GASOLINE-2023,42.002,실측,ERP,2024-10-10 08:30:00,2024-10-10 09:00:00,2024-10-15 15:36:00,user_001
FP-2024-0261,SITE-OF01,잠실 본사,2024,9,이동연소,휘발유,FUEL-GASOLINE-01,19206.5,18949.1,L,1650.0,31690725,SUP-FUEL-01,EF-GASOLINE-2023,43.3934,실측,ERP,2024-10-10 08:30:00,2024-10-10 09:00:00,2024-10-15 16:48:00,user_001
FP-2024-0262,SITE-OF01,잠실 본사,2024,10,이동연소,휘발유,FUEL-GASOLINE-01,19114.2,18913.9,L,1650.0,31538430,SUP-FUEL-01,EF-GASOLINE-2023,43.3128,추정,ERP,2025-01-10 08:30:00,2025-01-10 09:00:00,2025-01-15 13:15:00,user_001
FP-2024-0263,SITE-OF01,잠실 본사,2024,11,이동연소,휘발유,FUEL-GASOLINE-01,18362.9,18294.8,L,1650.0,30298785,SUP-FUEL-01,EF-GASOLINE-2023,41.8951,추정,ERP,2025-01-10 08:30:00,2025-01-10 09:00:00,2025-01-17 10:16:00,user_002
FP-2024-0264,SITE-OF01,잠실 본사,2024,12,이동연소,휘발유,FUEL-GASOLINE-01,19142.7,19060.9,L,1650.0,31585455,SUP-FUEL-01,EF-GASOLINE-2023,43.6495,실측,ERP,2025-01-10 08:30:00,2025-01-10 09:00:00,2025-01-18 16:12:00,user_001
FP-2024-0265,SITE-OF02,수원 오피스,2024,1,고정연소,LNG,FUEL-LNG-01,189355.6,189075.6,Nm³,850.0,160952260,SUP-EN-003,EF-LNG-2023,409.3487,실측,ERP,2024-04-10 08:30:00,2024-04-10 09:00:00,2024-04-18 16:05:00,user_003
FP-2024-0266,SITE-OF02,수원 오피스,2024,2,고정연소,LNG,FUEL-LNG-01,188169.7,184528.7,Nm³,850.0,159944245,SUP-EN-003,EF-LNG-2023,399.5046,실측,ERP,2024-04-10 08:30:00,2024-04-10 09:00:00,2024-04-18 10:35:00,user_003
FP-2024-0267,SITE-OF02,수원 오피스,2024,3,고정연소,LNG,FUEL-LNG-01,150868.2,149968.5,Nm³,850.0,128237970,SUP-EN-003,EF-LNG-2023,324.6818,실측,ERP,2024-04-10 08:30:00,2024-04-10 09:00:00,2024-04-18 11:50:00,user_002
FP-2024-0268,SITE-OF02,수원 오피스,2024,4,고정연소,LNG,FUEL-LNG-01,124631.6,124329.8,Nm³,850.0,105936860,SUP-EN-003,EF-LNG-2023,269.174,실측,ERP,2024-07-10 08:30:00,2024-07-10 09:00:00,2024-07-14 12:50:00,user_002
FP-2024-0269,SITE-OF02,수원 오피스,2024,5,고정연소,LNG,FUEL-LNG-01,108507.0,107317.9,Nm³,850.0,92230950,SUP-EN-003,EF-LNG-2023,232.3433,실측,ERP,2024-07-10 08:30:00,2024-07-10 09:00:00,2024-07-16 17:08:00,user_003
FP-2024-0270,SITE-OF02,수원 오피스,2024,6,고정연소,LNG,FUEL-LNG-01,99008.5,98878.5,Nm³,850.0,84157225,SUP-EN-003,EF-LNG-2023,214.072,추정,ERP,2024-07-10 08:30:00,2024-07-10 09:00:00,2024-07-18 16:33:00,user_002
FP-2024-0271,SITE-OF02,수원 오피스,2024,7,고정연소,LNG,FUEL-LNG-01,99828.3,98211.1,Nm³,850.0,84854055,SUP-EN-003,EF-LNG-2023,212.627,실측,ERP,2024-10-10 08:30:00,2024-10-10 09:00:00,2024-10-14 14:41:00,user_001
FP-2024-0272,SITE-OF02,수원 오피스,2024,8,고정연소,LNG,FUEL-LNG-01,111623.9,110125.9,Nm³,850.0,94880315,SUP-EN-003,EF-LNG-2023,238.4226,실측,ERP,2024-10-10 08:30:00,2024-10-10 09:00:00,2024-10-14 17:40:00,user_003
FP-2024-0273,SITE-OF02,수원 오피스,2024,9,고정연소,LNG,FUEL-LNG-01,124248.9,121893.3,Nm³,850.0,105611565,SUP-EN-003,EF-LNG-2023,263.899,추정,ERP,2024-10-10 08:30:00,2024-10-10 09:00:00,2024-10-17 09:53:00,user_001
FP-2024-0274,SITE-OF02,수원 오피스,2024,10,고정연소,LNG,FUEL-LNG-01,139062.4,138221.7,Nm³,850.0,118203040,SUP-EN-003,EF-LNG-2023,299.25,실측,ERP,2025-01-10 08:30:00,2025-01-10 09:00:00,2025-01-15 12:22:00,user_003
FP-2024-0275,SITE-OF02,수원 오피스,2024,11,고정연소,LNG,FUEL-LNG-01,158108.3,155477.8,Nm³,850.0,134392055,SUP-EN-003,EF-LNG-2023,336.6094,실측,ERP,2025-01-10 08:30:00,2025-01-10 09:00:00,2025-01-14 17:17:00,user_001
FP-2024-0276,SITE-OF02,수원 오피스,2024,12,고정연소,LNG,FUEL-LNG-01,183062.0,180839.7,Nm³,850.0,155602700,SUP-EN-003,EF-LNG-2023,391.518,실측,ERP,2025-01-10 08:30:00,2025-01-10 09:00:00,2025-01-17 11:37:00,user_003
FP-2024-0277,SITE-OF02,수원 오피스,2024,1,이동연소,경유,FUEL-DIESEL-01,10988.9,10846.0,L,1650.0,18131685,SUP-FUEL-01,EF-DIESEL-2023,28.5033,실측,ERP,2024-04-10 08:30:00,2024-04-10 09:00:00,2024-04-17 09:52:00,user_001
FP-2024-0278,SITE-OF02,수원 오피스,2024,2,이동연소,경유,FUEL-DIESEL-01,11002.3,10797.5,L,1650.0,18153795,SUP-FUEL-01,EF-DIESEL-2023,28.3758,실측,ERP,2024-04-10 08:30:00,2024-04-10 09:00:00,2024-04-18 12:49:00,user_003
FP-2024-0279,SITE-OF02,수원 오피스,2024,3,이동연소,경유,FUEL-DIESEL-01,11161.1,11020.3,L,1650.0,18415815,SUP-FUEL-01,EF-DIESEL-2023,28.9613,추정,ERP,2024-04-10 08:30:00,2024-04-10 09:00:00,2024-04-18 17:18:00,user_003
FP-2024-0280,SITE-OF02,수원 오피스,2024,4,이동연소,경유,FUEL-DIESEL-01,11489.1,11379.2,L,1650.0,18957015,SUP-FUEL-01,EF-DIESEL-2023,29.9045,추정,ERP,2024-07-10 08:30:00,2024-07-10 09:00:00,2024-07-15 16:04:00,user_003
FP-2024-0281,SITE-OF02,수원 오피스,2024,5,이동연소,경유,FUEL-DIESEL-01,10878.1,10783.3,L,1650.0,17948865,SUP-FUEL-01,EF-DIESEL-2023,28.3385,추정,ERP,2024-07-10 08:30:00,2024-07-10 09:00:00,2024-07-16 12:21:00,user_003
FP-2024-0282,SITE-OF02,수원 오피스,2024,6,이동연소,경유,FUEL-DIESEL-01,11025.8,10839.0,L,1650.0,18192570,SUP-FUEL-01,EF-DIESEL-2023,28.4849,실측,ERP,2024-07-10 08:30:00,2024-07-10 09:00:00,2024-07-18 14:25:00,user_001
FP-2024-0283,SITE-OF02,수원 오피스,2024,7,이동연소,경유,FUEL-DIESEL-01,11364.9,11249.0,L,1650.0,18752085,SUP-FUEL-01,EF-DIESEL-2023,29.5624,실측,ERP,2024-10-10 08:30:00,2024-10-10 09:00:00,2024-10-15 12:29:00,user_001
FP-2024-0284,SITE-OF02,수원 오피스,2024,8,이동연소,경유,FUEL-DIESEL-01,10975.4,10921.2,L,1650.0,18109410,SUP-FUEL-01,EF-DIESEL-2023,28.7009,실측,ERP,2024-10-10 08:30:00,2024-10-10 09:00:00,2024-10-13 13:24:00,user_003
FP-2024-0285,SITE-OF02,수원 오피스,2024,9,이동연소,경유,FUEL-DIESEL-01,11233.6,11021.4,L,1650.0,18535440,SUP-FUEL-01,EF-DIESEL-2023,28.9642,실측,ERP,2024-10-10 08:30:00,2024-10-10 09:00:00,2024-10-15 14:12:00,user_001
FP-2024-0286,SITE-OF02,수원 오피스,2024,10,이동연소,경유,FUEL-DIESEL-01,11188.6,11074.6,L,1650.0,18461190,SUP-FUEL-01,EF-DIESEL-2023,29.104,추정,ERP,2025-01-10 08:30:00,2025-01-10 09:00:00,2025-01-15 16:01:00,user_001
FP-2024-0287,SITE-OF02,수원 오피스,2024,11,이동연소,경유,FUEL-DIESEL-01,11486.6,11371.6,L,1650.0,18952890,SUP-FUEL-01,EF-DIESEL-2023,29.8846,실측,ERP,2025-01-10 08:30:00,2025-01-10 09:00:00,2025-01-14 14:03:00,user_001
FP-2024-0288,SITE-OF02,수원 오피스,2024,12,이동연소,경유,FUEL-DIESEL-01,11061.1,10930.5,L,1650.0,18250815,SUP-FUEL-01,EF-DIESEL-2023,28.7254,추정,ERP,2025-01-10 08:30:00,2025-01-10 09:00:00,2025-01-15 17:00:00,user_001
FP-2024-0289,SITE-OF02,수원 오피스,2024,1,이동연소,휘발유,FUEL-GASOLINE-01,9541.7,9376.2,L,1650.0,15743805,SUP-FUEL-01,EF-GASOLINE-2023,21.4715,실측,ERP,2024-04-10 08:30:00,2024-04-10 09:00:00,2024-04-16 14:02:00,user_002
FP-2024-0290,SITE-OF02,수원 오피스,2024,2,이동연소,휘발유,FUEL-GASOLINE-01,9264.5,9161.6,L,1650.0,15286425,SUP-FUEL-01,EF-GASOLINE-2023,20.9801,실측,ERP,2024-04-10 08:30:00,2024-04-10 09:00:00,2024-04-17 13:04:00,user_002
FP-2024-0291,SITE-OF02,수원 오피스,2024,3,이동연소,휘발유,FUEL-GASOLINE-01,9561.6,9417.6,L,1650.0,15776640,SUP-FUEL-01,EF-GASOLINE-2023,21.5663,실측,ERP,2024-04-10 08:30:00,2024-04-10 09:00:00,2024-04-17 10:08:00,user_001
FP-2024-0292,SITE-OF02,수원 오피스,2024,4,이동연소,휘발유,FUEL-GASOLINE-01,9504.0,9355.3,L,1650.0,15681600,SUP-FUEL-01,EF-GASOLINE-2023,21.4236,실측,ERP,2024-07-10 08:30:00,2024-07-10 09:00:00,2024-07-17 14:48:00,user_001
FP-2024-0293,SITE-OF02,수원 오피스,2024,5,이동연소,휘발유,FUEL-GASOLINE-01,9339.3,9245.2,L,1650.0,15409845,SUP-FUEL-01,EF-GASOLINE-2023,21.1715,실측,ERP,2024-07-10 08:30:00,2024-07-10 09:00:00,2024-07-13 09:08:00,user_003
FP-2024-0294,SITE-OF02,수원 오피스,2024,6,이동연소,휘발유,FUEL-GASOLINE-01,9409.2,9320.9,L,1650.0,15525180,SUP-FUEL-01,EF-GASOLINE-2023,21.3449,추정,ERP,2024-07-10 08:30:00,2024-07-10 09:00:00,2024-07-14 17:08:00,user_002
FP-2024-0295,SITE-OF02,수원 오피스,2024,7,이동연소,휘발유,FUEL-GASOLINE-01,9720.4,9658.9,L,1650.0,16038660,SUP-FUEL-01,EF-GASOLINE-2023,22.1189,추정,ERP,2024-10-10 08:30:00,2024-10-10 09:00:00,2024-10-17 13:37:00,user_002
FP-2024-0296,SITE-OF02,수원 오피스,2024,8,이동연소,휘발유,FUEL-GASOLINE-01,9515.3,9419.3,L,1650.0,15700245,SUP-FUEL-01,EF-GASOLINE-2023,21.5702,추정,ERP,2024-10-10 08:30:00,2024-10-10 09:00:00,2024-10-18 13:30:00,user_001
FP-2024-0297,SITE-OF02,수원 오피스,2024,9,이동연소,휘발유,FUEL-GASOLINE-01,9466.7,9340.8,L,1650.0,15620055,SUP-FUEL-01,EF-GASOLINE-2023,21.3904,추정,ERP,2024-10-10 08:30:00,2024-10-10 09:00:00,2024-10-17 13:50:00,user_003
FP-2024-0298,SITE-OF02,수원 오피스,2024,10,이동연소,휘발유,FUEL-GASOLINE-01,9746.5,9625.4,L,1650.0,16081725,SUP-FUEL-01,EF-GASOLINE-2023,22.0422,추정,ERP,2025-01-10 08:30:00,2025-01-10 09:00:00,2025-01-15 12:46:00,user_001
FP-2024-0299,SITE-OF02,수원 오피스,2024,11,이동연소,휘발유,FUEL-GASOLINE-01,9494.7,9462.4,L,1650.0,15666255,SUP-FUEL-01,EF-GASOLINE-2023,21.6689,추정,ERP,2025-01-10 08:30:00,2025-01-10 09:00:00,2025-01-14 12:02:00,user_003
FP-2024-0300,SITE-OF02,수원 오피스,2024,12,이동연소,휘발유,FUEL-GASOLINE-01,9689.7,9668.4,L,1650.0,15988005,SUP-FUEL-01,EF-GASOLINE-2023,22.1406,실측,ERP,2025-01-10 08:30:00,2025-01-10 09:00:00,2025-01-16 14:26:00,user_001
FP-2024-0301,SITE-OF03,구미 오피스,2024,1,이동연소,경유,FUEL-DIESEL-01,6321.7,6296.0,L,1650.0,10430805,SUP-FUEL-01,EF-DIESEL-2023,16.5459,추정,ERP,2024-04-10 08:30:00,2024-04-10 09:00:00,2024-04-18 09:45:00,user_001
FP-2024-0302,SITE-OF03,구미 오피스,2024,2,이동연소,경유,FUEL-DIESEL-01,6407.2,6336.1,L,1650.0,10571880,SUP-FUEL-01,EF-DIESEL-2023,16.6513,추정,ERP,2024-04-10 08:30:00,2024-04-10 09:00:00,2024-04-17 15:20:00,user_001
FP-2024-0303,SITE-OF03,구미 오피스,2024,3,이동연소,경유,FUEL-DIESEL-01,6381.0,6313.7,L,1650.0,10528650,SUP-FUEL-01,EF-DIESEL-2023,16.5924,실측,ERP,2024-04-10 08:30:00,2024-04-10 09:00:00,2024-04-18 13:39:00,user_002
FP-2024-0304,SITE-OF03,구미 오피스,2024,4,이동연소,경유,FUEL-DIESEL-01,6242.7,6212.1,L,1650.0,10300455,SUP-FUEL-01,EF-DIESEL-2023,16.3254,실측,ERP,2024-07-10 08:30:00,2024-07-10 09:00:00,2024-07-14 13:49:00,user_002
FP-2024-0305,SITE-OF03,구미 오피스,2024,5,이동연소,경유,FUEL-DIESEL-01,6495.2,6406.8,L,1650.0,10717080,SUP-FUEL-01,EF-DIESEL-2023,16.8371,추정,ERP,2024-07-10 08:30:00,2024-07-10 09:00:00,2024-07-15 16:22:00,user_003
FP-2024-0306,SITE-OF03,구미 오피스,2024,6,이동연소,경유,FUEL-DIESEL-01,6597.0,6493.7,L,1650.0,10885050,SUP-FUEL-01,EF-DIESEL-2023,17.0654,실측,ERP,2024-07-10 08:30:00,2024-07-10 09:00:00,2024-07-15 10:36:00,user_003
FP-2024-0307,SITE-OF03,구미 오피스,2024,7,이동연소,경유,FUEL-DIESEL-01,6459.1,6345.4,L,1650.0,10657515,SUP-FUEL-01,EF-DIESEL-2023,16.6757,추정,ERP,2024-10-10 08:30:00,2024-10-10 09:00:00,2024-10-15 11:18:00,user_001
FP-2024-0308,SITE-OF03,구미 오피스,2024,8,이동연소,경유,FUEL-DIESEL-01,6337.6,6248.4,L,1650.0,10457040,SUP-FUEL-01,EF-DIESEL-2023,16.4208,실측,ERP,2024-10-10 08:30:00,2024-10-10 09:00:00,2024-10-16 13:47:00,user_002
FP-2024-0309,SITE-OF03,구미 오피스,2024,9,이동연소,경유,FUEL-DIESEL-01,6323.4,6220.4,L,1650.0,10433610,SUP-FUEL-01,EF-DIESEL-2023,16.3472,실측,ERP,2024-10-10 08:30:00,2024-10-10 09:00:00,2024-10-17 13:08:00,user_001
FP-2024-0310,SITE-OF03,구미 오피스,2024,10,이동연소,경유,FUEL-DIESEL-01,6447.7,6372.9,L,1650.0,10638705,SUP-FUEL-01,EF-DIESEL-2023,16.748,실측,ERP,2025-01-10 08:30:00,2025-01-10 09:00:00,2025-01-13 17:14:00,user_003
FP-2024-0311,SITE-OF03,구미 오피스,2024,11,이동연소,경유,FUEL-DIESEL-01,6240.1,6227.6,L,1650.0,10296165,SUP-FUEL-01,EF-DIESEL-2023,16.3661,실측,ERP,2025-01-10 08:30:00,2025-01-10 09:00:00,2025-01-18 16:06:00,user_003
FP-2024-0312,SITE-OF03,구미 오피스,2024,12,이동연소,경유,FUEL-DIESEL-01,6432.5,6431.8,L,1650.0,10613625,SUP-FUEL-01,EF-DIESEL-2023,16.9028,실측,ERP,2025-01-10 08:30:00,2025-01-10 09:00:00,2025-01-16 16:30:00,user_003
FP-2024-0313,SITE-OF03,구미 오피스,2024,1,이동연소,휘발유,FUEL-GASOLINE-01,4711.8,4622.7,L,1650.0,7774470,SUP-FUEL-01,EF-GASOLINE-2023,10.586,실측,ERP,2024-04-10 08:30:00,2024-04-10 09:00:00,2024-04-15 09:58:00,user_001
FP-2024-0314,SITE-OF03,구미 오피스,2024,2,이동연소,휘발유,FUEL-GASOLINE-01,4772.7,4750.6,L,1650.0,7874955,SUP-FUEL-01,EF-GASOLINE-2023,10.8789,실측,ERP,2024-04-10 08:30:00,2024-04-10 09:00:00,2024-04-14 15:56:00,user_001
FP-2024-0315,SITE-OF03,구미 오피스,2024,3,이동연소,휘발유,FUEL-GASOLINE-01,4833.7,4830.2,L,1650.0,7975605,SUP-FUEL-01,EF-GASOLINE-2023,11.0612,추정,ERP,2024-04-10 08:30:00,2024-04-10 09:00:00,2024-04-16 11:59:00,user_003
FP-2024-0316,SITE-OF03,구미 오피스,2024,4,이동연소,휘발유,FUEL-GASOLINE-01,4927.7,4838.1,L,1650.0,8130705,SUP-FUEL-01,EF-GASOLINE-2023,11.0792,실측,ERP,2024-07-10 08:30:00,2024-07-10 09:00:00,2024-07-13 13:36:00,user_003
FP-2024-0317,SITE-OF03,구미 오피스,2024,5,이동연소,휘발유,FUEL-GASOLINE-01,4687.1,4596.7,L,1650.0,7733715,SUP-FUEL-01,EF-GASOLINE-2023,10.5264,실측,ERP,2024-07-10 08:30:00,2024-07-10 09:00:00,2024-07-16 17:33:00,user_002
FP-2024-0318,SITE-OF03,구미 오피스,2024,6,이동연소,휘발유,FUEL-GASOLINE-01,4830.5,4817.6,L,1650.0,7970325,SUP-FUEL-01,EF-GASOLINE-2023,11.0323,추정,ERP,2024-07-10 08:30:00,2024-07-10 09:00:00,2024-07-15 12:51:00,user_001
FP-2024-0319,SITE-OF03,구미 오피스,2024,7,이동연소,휘발유,FUEL-GASOLINE-01,4727.9,4659.8,L,1650.0,7801035,SUP-FUEL-01,EF-GASOLINE-2023,10.6709,실측,ERP,2024-10-10 08:30:00,2024-10-10 09:00:00,2024-10-18 11:00:00,user_003
FP-2024-0320,SITE-OF03,구미 오피스,2024,8,이동연소,휘발유,FUEL-GASOLINE-01,4689.1,4661.6,L,1650.0,7737015,SUP-FUEL-01,EF-GASOLINE-2023,10.6751,실측,ERP,2024-10-10 08:30:00,2024-10-10 09:00:00,2024-10-14 15:52:00,user_002
FP-2024-0321,SITE-OF03,구미 오피스,2024,9,이동연소,휘발유,FUEL-GASOLINE-01,4720.1,4711.9,L,1650.0,7788165,SUP-FUEL-01,EF-GASOLINE-2023,10.7903,실측,ERP,2024-10-10 08:30:00,2024-10-10 09:00:00,2024-10-14 11:30:00,user_002
FP-2024-0322,SITE-OF03,구미 오피스,2024,10,이동연소,휘발유,FUEL-GASOLINE-01,4831.4,4830.7,L,1650.0,7971810,SUP-FUEL-01,EF-GASOLINE-2023,11.0623,추정,ERP,2025-01-10 08:30:00,2025-01-10 09:00:00,2025-01-14 16:48:00,user_002
FP-2024-0323,SITE-OF03,구미 오피스,2024,11,이동연소,휘발유,FUEL-GASOLINE-01,4865.0,4835.8,L,1650.0,8027250,SUP-FUEL-01,EF-GASOLINE-2023,11.074,실측,ERP,2025-01-10 08:30:00,2025-01-10 09:00:00,2025-01-15 14:44:00,user_001
FP-2024-0324,SITE-OF03,구미 오피스,2024,12,이동연소,휘발유,FUEL-GASOLINE-01,4594.7,4583.9,L,1650.0,7581255,SUP-FUEL-01,EF-GASOLINE-2023,10.4971,실측,ERP,2025-01-10 08:30:00,2025-01-10 09:00:00,2025-01-14 15:43:00,user_003
FP-2024-0325,SITE-WH01,인천 물류지원센터,2024,1,고정연소,LNG,FUEL-LNG-01,67242.3,66069.2,Nm³,850.0,57155955,SUP-EN-003,EF-LNG-2023,143.0398,실측,ERP,2024-04-10 08:30:00,2024-04-10 09:00:00,2024-04-18 10:40:00,user_002
FP-2024-0326,SITE-WH01,인천 물류지원센터,2024,2,고정연소,LNG,FUEL-LNG-01,59617.8,59355.6,Nm³,850.0,50675130,SUP-EN-003,EF-LNG-2023,128.5049,실측,ERP,2024-04-10 08:30:00,2024-04-10 09:00:00,2024-04-16 11:29:00,user_003
FP-2024-0327,SITE-WH01,인천 물류지원센터,2024,3,고정연소,LNG,FUEL-LNG-01,52500.6,52111.2,Nm³,850.0,44625510,SUP-EN-003,EF-LNG-2023,112.8207,추정,ERP,2024-04-10 08:30:00,2024-04-10 09:00:00,2024-04-17 12:48:00,user_001
FP-2024-0328,SITE-WH01,인천 물류지원센터,2024,4,고정연소,LNG,FUEL-LNG-01,42368.6,41869.7,Nm³,850.0,36013310,SUP-EN-003,EF-LNG-2023,90.6479,실측,ERP,2024-07-10 08:30:00,2024-07-10 09:00:00,2024-07-17 16:33:00,user_003
FP-2024-0329,SITE-WH01,인천 물류지원센터,2024,5,고정연소,LNG,FUEL-LNG-01,37183.6,36513.8,Nm³,850.0,31606060,SUP-EN-003,EF-LNG-2023,79.0524,실측,ERP,2024-07-10 08:30:00,2024-07-10 09:00:00,2024-07-13 17:57:00,user_003
FP-2024-0330,SITE-WH01,인천 물류지원센터,2024,6,고정연소,LNG,FUEL-LNG-01,31980.6,31641.0,Nm³,850.0,27183510,SUP-EN-003,EF-LNG-2023,68.5028,실측,ERP,2024-07-10 08:30:00,2024-07-10 09:00:00,2024-07-15 17:28:00,user_001
FP-2024-0331,SITE-WH01,인천 물류지원센터,2024,7,고정연소,LNG,FUEL-LNG-01,33032.2,32565.3,Nm³,850.0,28077370,SUP-EN-003,EF-LNG-2023,70.5039,추정,ERP,2024-10-10 08:30:00,2024-10-10 09:00:00,2024-10-13 17:28:00,user_001
FP-2024-0332,SITE-WH01,인천 물류지원센터,2024,8,고정연소,LNG,FUEL-LNG-01,37093.2,36716.3,Nm³,850.0,31529220,SUP-EN-003,EF-LNG-2023,79.4908,추정,ERP,2024-10-10 08:30:00,2024-10-10 09:00:00,2024-10-17 09:35:00,user_002
FP-2024-0333,SITE-WH01,인천 물류지원센터,2024,9,고정연소,LNG,FUEL-LNG-01,42108.8,41850.9,Nm³,850.0,35792480,SUP-EN-003,EF-LNG-2023,90.6072,실측,ERP,2024-10-10 08:30:00,2024-10-10 09:00:00,2024-10-16 13:52:00,user_001
FP-2024-0334,SITE-WH01,인천 물류지원센터,2024,10,고정연소,LNG,FUEL-LNG-01,47242.9,46702.7,Nm³,850.0,40156465,SUP-EN-003,EF-LNG-2023,101.1113,실측,ERP,2025-01-10 08:30:00,2025-01-10 09:00:00,2025-01-16 14:44:00,user_001
FP-2024-0335,SITE-WH01,인천 물류지원센터,2024,11,고정연소,LNG,FUEL-LNG-01,50812.5,50751.3,Nm³,850.0,43190625,SUP-EN-003,EF-LNG-2023,109.8766,실측,ERP,2025-01-10 08:30:00,2025-01-10 09:00:00,2025-01-16 09:18:00,user_002
FP-2024-0336,SITE-WH01,인천 물류지원센터,2024,12,고정연소,LNG,FUEL-LNG-01,58841.2,58682.3,Nm³,850.0,50015020,SUP-EN-003,EF-LNG-2023,127.0472,추정,ERP,2025-01-10 08:30:00,2025-01-10 09:00:00,2025-01-15 15:28:00,user_002
