record_id,site_code,site_name,site_type,year,month,energy_type,energy_source,usage_amount,usage_unit,renewable_kwh,renewable_ratio,pue_monthly,it_load_kw,cooling_power_kwh,cost_krw,meter_id,data_quality,source_system,synced_at,created_at,updated_at,updated_by,non_renewable_kwh,grid_emission_factor_market,grid_emission_factor_location,energy_supplier_id,rec_purchased_kwh,ppa_kwh,ghg_market_tco2e,ghg_location_tco2e
EMS-E-2024-0001,SITE-DC01,수원 데이터센터,데이터센터,2024,1,전력,한국전력(KEPCO),7860858.0,kWh,116672.0,1.48,1.177,17822,2302729,1653750000,MTR-DC01-EL-01,M1,EMS,2024-02-05 07:30:00,2024-02-05 09:00:00,2024-02-10 10:00:00,user_001,7744186.0,0.4596,0.4596,SUP-EN-001,116672.0,0.0,3559.2279,3612.8503
EMS-E-2024-0002,SITE-DC01,수원 데이터센터,데이터센터,2024,2,전력,한국전력(KEPCO),7636262.0,kWh,113338.0,1.48,1.177,17312,2236937,1606500000,MTR-DC01-EL-02,M1,EMS,2024-03-05 07:30:00,2024-03-05 09:00:00,2024-03-10 10:00:00,user_001,7522924.0,0.4596,0.4596,SUP-EN-001,113338.0,0.0,3457.5359,3509.626
EMS-E-2024-0003,SITE-DC01,수원 데이터센터,데이터센터,2024,3,전력,한국전력(KEPCO),7187070.0,kWh,106671.0,1.48,1.185,16184,2185654,1512000000,MTR-DC01-EL-03,M1,EMS,2024-04-05 07:30:00,2024-04-05 09:00:00,2024-04-10 10:00:00,user_001,7080399.0,0.4596,0.4596,SUP-EN-001,106671.0,0.0,3254.1514,3303.1774
EMS-E-2024-0004,SITE-DC01,수원 데이터센터,데이터센터,2024,4,전력,한국전력(KEPCO),6887609.0,kWh,102227.0,1.48,1.185,15510,2094585,1449000036,MTR-DC01-EL-04,M1,EMS,2024-05-05 07:30:00,2024-05-05 09:00:00,2024-05-10 10:00:00,user_001,6785382.0,0.4596,0.4596,SUP-EN-001,102227.0,0.0,3118.5616,3165.5451
EMS-E-2024-0005,SITE-DC01,수원 데이터센터,데이터센터,2024,5,전력,한국전력(KEPCO),7112205.0,kWh,105560.0,1.48,1.185,16015,2162887,1496250036,MTR-DC01-EL-05,M1,EMS,2024-06-05 07:30:00,2024-06-05 09:00:00,2024-06-10 10:00:00,user_001,7006645.0,0.4596,0.4596,SUP-EN-001,105560.0,0.0,3220.254,3268.7694
EMS-E-2024-0006,SITE-DC01,수원 데이터센터,데이터센터,2024,6,전력,한국전력(KEPCO),8085454.0,kWh,120005.0,1.48,1.2,17979,2625000,1701000000,MTR-DC01-EL-06,M1,EMS,2024-07-05 07:30:00,2024-07-05 09:00:00,2024-07-10 10:00:00,user_001,7965449.0,0.4596,0.4596,SUP-EN-001,120005.0,0.0,3660.9204,3716.0747
EMS-E-2024-0007,SITE-DC01,수원 데이터센터,데이터센터,2024,7,전력,한국전력(KEPCO),8609511.0,kWh,127784.0,1.48,1.2,19145,2795139,1811249964,MTR-DC01-EL-07,M1,EMS,2024-08-05 07:30:00,2024-08-05 09:00:00,2024-08-10 10:00:00,user_001,8481727.0,0.4596,0.4596,SUP-EN-001,127784.0,0.0,3898.2017,3956.9313
EMS-E-2024-0008,SITE-DC01,수원 데이터센터,데이터센터,2024,8,전력,한국전력(KEPCO),8534646.0,kWh,126672.0,1.48,1.2,18978,2770833,1795500000,MTR-DC01-EL-08,M1,EMS,2024-09-05 07:30:00,2024-09-05 09:00:00,2024-09-10 10:00:00,user_001,8407974.0,0.4596,0.4596,SUP-EN-001,126672.0,0.0,3864.3049,3922.5233
EMS-E-2024-0009,SITE-DC01,수원 데이터센터,데이터센터,2024,9,전력,한국전력(KEPCO),7336801.0,kWh,108894.0,1.48,1.185,16521,2231189,1543500036,MTR-DC01-EL-09,M1,EMS,2024-10-05 07:30:00,2024-10-05 09:00:00,2024-10-10 10:00:00,user_001,7227907.0,0.4596,0.4596,SUP-EN-001,108894.0,0.0,3321.9461,3371.9937
EMS-E-2024-0010,SITE-DC01,수원 데이터센터,데이터센터,2024,10,전력,한국전력(KEPCO),7112205.0,kWh,105560.0,1.48,1.185,16015,2162887,1496250036,MTR-DC01-EL-10,M1,EMS,2024-11-05 07:30:00,2024-11-05 09:00:00,2024-11-10 10:00:00,user_001,7006645.0,0.4596,0.4596,SUP-EN-001,105560.0,0.0,3220.254,3268.7694
EMS-E-2024-0011,SITE-DC01,수원 데이터센터,데이터센터,2024,11,전력,한국전력(KEPCO),7336801.0,kWh,108894.0,1.48,1.185,16521,2231189,1543500036,MTR-DC01-EL-11,M1,EMS,2024-12-05 07:30:00,2024-12-05 09:00:00,2024-12-10 10:00:00,user_001,7227907.0,0.4596,0.4596,SUP-EN-001,108894.0,0.0,3321.9461,3371.9937
EMS-E-2024-0012,SITE-DC01,수원 데이터센터,데이터센터,2024,12,전력,한국전력(KEPCO),7636262.0,kWh,113338.0,1.48,1.177,17312,2236937,1606500000,MTR-DC01-EL-12,M1,EMS,2024-01-05 07:30:00,2024-01-05 09:00:00,2024-01-10 10:00:00,user_001,7522924.0,0.4596,0.4596,SUP-EN-001,113338.0,0.0,3457.5359,3509.626
EMS-E-2024-0013,SITE-DC02,동탄 데이터센터,데이터센터,2024,1,전력,한국전력(KEPCO),6962474.0,kWh,103338.0,1.48,1.147,16198,1738176,1464750000,MTR-DC02-EL-01,M1,EMS,2024-02-05 07:30:00,2024-02-05 09:00:00,2024-02-10 10:00:00,user_001,6859136.0,0.4596,0.4596,SUP-EN-001,103338.0,0.0,3152.4589,3199.9531
EMS-E-2024-0014,SITE-DC02,동탄 데이터센터,데이터센터,2024,2,전력,한국전력(KEPCO),6763546.0,kWh,100385.0,1.48,1.147,15735,1688514,1422900000,MTR-DC02-EL-02,M1,EMS,2024-03-05 07:30:00,2024-03-05 09:00:00,2024-03-10 10:00:00,user_001,6663161.0,0.4596,0.4596,SUP-EN-001,100385.0,0.0,3062.3888,3108.5257
EMS-E-2024-0015,SITE-DC02,동탄 데이터센터,데이터센터,2024,3,전력,한국전력(KEPCO),6365691.0,kWh,94480.0,1.48,1.155,14707,1664069,1339200000,MTR-DC02-EL-03,M1,EMS,2024-04-05 07:30:00,2024-04-05 09:00:00,2024-04-10 10:00:00,user_001,6271211.0,0.4596,0.4596,SUP-EN-001,94480.0,0.0,2882.2486,2925.6716
EMS-E-2024-0016,SITE-DC02,동탄 데이터센터,데이터센터,2024,4,전력,한국전력(KEPCO),6100453.0,kWh,90544.0,1.48,1.155,14094,1594733,1283399964,MTR-DC02-EL-04,M1,EMS,2024-05-05 07:30:00,2024-05-05 09:00:00,2024-05-10 10:00:00,user_001,6009909.0,0.4596,0.4596,SUP-EN-001,90544.0,0.0,2762.1542,2803.7682
EMS-E-2024-0017,SITE-DC02,동탄 데이터센터,데이터센터,2024,5,전력,한국전력(KEPCO),6299381.0,kWh,93496.0,1.48,1.155,14554,1646735,1325249964,MTR-DC02-EL-05,M1,EMS,2024-06-05 07:30:00,2024-06-05 09:00:00,2024-06-10 10:00:00,user_001,6205885.0,0.4596,0.4596,SUP-EN-001,93496.0,0.0,2852.2247,2895.1955
EMS-E-2024-0018,SITE-DC02,동탄 데이터센터,데이터센터,2024,6,전력,한국전력(KEPCO),7161402.0,kWh,106291.0,1.48,1.17,16333,2026923,1506600000,MTR-DC02-EL-06,M1,EMS,2024-07-05 07:30:00,2024-07-05 09:00:00,2024-07-10 10:00:00,user_001,7055111.0,0.4596,0.4596,SUP-EN-001,106291.0,0.0,3242.529,3291.3804
EMS-E-2024-0019,SITE-DC02,동탄 데이터센터,데이터센터,2024,7,전력,한국전력(KEPCO),7625567.0,kWh,113180.0,1.48,1.17,17392,2158298,1604250036,MTR-DC02-EL-07,M1,EMS,2024-08-05 07:30:00,2024-08-05 09:00:00,2024-08-10 10:00:00,user_001,7512387.0,0.4596,0.4596,SUP-EN-001,113180.0,0.0,3452.6931,3504.7106
EMS-E-2024-0020,SITE-DC02,동탄 데이터센터,데이터센터,2024,8,전력,한국전력(KEPCO),7559258.0,kWh,112196.0,1.48,1.17,17240,2139530,1590300000,MTR-DC02-EL-08,M1,EMS,2024-09-05 07:30:00,2024-09-05 09:00:00,2024-09-10 10:00:00,user_001,7447062.0,0.4596,0.4596,SUP-EN-001,112196.0,0.0,3422.6697,3474.235
EMS-E-2024-0021,SITE-DC02,동탄 데이터센터,데이터센터,2024,9,전력,한국전력(KEPCO),6498309.0,kWh,96449.0,1.48,1.155,15013,1698737,1367099964,MTR-DC02-EL-09,M1,EMS,2024-10-05 07:30:00,2024-10-05 09:00:00,2024-10-10 10:00:00,user_001,6401860.0,0.4596,0.4596,SUP-EN-001,96449.0,0.0,2942.2949,2986.6228
EMS-E-2024-0022,SITE-DC02,동탄 데이터센터,데이터센터,2024,10,전력,한국전력(KEPCO),6299381.0,kWh,93496.0,1.48,1.155,14554,1646735,1325249964,MTR-DC02-EL-10,M1,EMS,2024-11-05 07:30:00,2024-11-05 09:00:00,2024-11-10 10:00:00,user_001,6205885.0,0.4596,0.4596,SUP-EN-001,93496.0,0.0,2852.2247,2895.1955
EMS-E-2024-0023,SITE-DC02,동탄 데이터센터,데이터센터,2024,11,전력,한국전력(KEPCO),6498309.0,kWh,96449.0,1.48,1.155,15013,1698737,1367099964,MTR-DC02-EL-11,M1,EMS,2024-12-05 07:30:00,2024-12-05 09:00:00,2024-12-10 10:00:00,user_001,6401860.0,0.4596,0.4596,SUP-EN-001,96449.0,0.0,2942.2949,2986.6228
EMS-E-2024-0024,SITE-DC02,동탄 데이터센터,데이터센터,2024,12,전력,한국전력(KEPCO),6763546.0,kWh,100385.0,1.48,1.147,15735,1688514,1422900000,MTR-DC02-EL-12,M1,EMS,2024-01-05 07:30:00,2024-01-05 09:00:00,2024-01-10 10:00:00,user_001,6663161.0,0.4596,0.4596,SUP-EN-001,100385.0,0.0,3062.3888,3108.5257
EMS-E-2024-0025,SITE-DC03,상암 데이터센터,데이터센터,2024,1,전력,한국전력(KEPCO),4716515.0,kWh,70003.0,1.48,1.212,10384,1607054,992250000,MTR-DC03-EL-01,M1,EMS,2024-02-05 07:30:00,2024-02-05 09:00:00,2024-02-10 10:00:00,user_001,4646512.0,0.4596,0.4596,SUP-EN-001,70003.0,0.0,2135.5369,2167.7103
EMS-E-2024-0026,SITE-DC03,상암 데이터센터,데이터센터,2024,2,전력,한국전력(KEPCO),4581757.0,kWh,68003.0,1.48,1.212,10087,1561139,963900000,MTR-DC03-EL-02,M1,EMS,2024-03-05 07:30:00,2024-03-05 09:00:00,2024-03-10 10:00:00,user_001,4513754.0,0.4596,0.4596,SUP-EN-001,68003.0,0.0,2074.5213,2105.7755
EMS-E-2024-0027,SITE-DC03,상암 데이터센터,데이터센터,2024,3,전력,한국전력(KEPCO),4312242.0,kWh,64003.0,1.48,1.22,9432,1514754,907200000,MTR-DC03-EL-03,M1,EMS,2024-04-05 07:30:00,2024-04-05 09:00:00,2024-04-10 10:00:00,user_001,4248239.0,0.4596,0.4596,SUP-EN-001,64003.0,0.0,1952.4906,1981.9064
EMS-E-2024-0028,SITE-DC03,상암 데이터센터,데이터센터,2024,4,전력,한국전력(KEPCO),4132565.0,kWh,61336.0,1.48,1.22,9039,1451639,869400000,MTR-DC03-EL-04,M1,EMS,2024-05-05 07:30:00,2024-05-05 09:00:00,2024-05-10 10:00:00,user_001,4071229.0,0.4596,0.4596,SUP-EN-001,61336.0,0.0,1871.1368,1899.3269
EMS-E-2024-0029,SITE-DC03,상암 데이터센터,데이터센터,2024,5,전력,한국전력(KEPCO),4267323.0,kWh,63336.0,1.48,1.22,9334,1498975,897750000,MTR-DC03-EL-05,M1,EMS,2024-06-05 07:30:00,2024-06-05 09:00:00,2024-06-10 10:00:00,user_001,4203987.0,0.4596,0.4596,SUP-EN-001,63336.0,0.0,1932.1524,1961.2617
EMS-E-2024-0030,SITE-DC03,상암 데이터센터,데이터센터,2024,6,전력,한국전력(KEPCO),4851272.0,kWh,72003.0,1.48,1.235,10482,1798178,1020600000,MTR-DC03-EL-06,M1,EMS,2024-07-05 07:30:00,2024-07-05 09:00:00,2024-07-10 10:00:00,user_001,4779269.0,0.4596,0.4596,SUP-EN-001,72003.0,0.0,2196.552,2229.6446
EMS-E-2024-0031,SITE-DC03,상암 데이터센터,데이터센터,2024,7,전력,한국전력(KEPCO),5165707.0,kWh,76670.0,1.48,1.235,11161,1914727,1086750000,MTR-DC03-EL-07,M1,EMS,2024-08-05 07:30:00,2024-08-05 09:00:00,2024-08-10 10:00:00,user_001,5089037.0,0.4596,0.4596,SUP-EN-001,76670.0,0.0,2338.9214,2374.1589
EMS-E-2024-0032,SITE-DC03,상암 데이터센터,데이터센터,2024,8,전력,한국전력(KEPCO),5120787.0,kWh,76003.0,1.48,1.235,11064,1898077,1077300000,MTR-DC03-EL-08,M1,EMS,2024-09-05 07:30:00,2024-09-05 09:00:00,2024-09-10 10:00:00,user_001,5044784.0,0.4596,0.4596,SUP-EN-001,76003.0,0.0,2318.5827,2353.5137
EMS-E-2024-0033,SITE-DC03,상암 데이터센터,데이터센터,2024,9,전력,한국전력(KEPCO),4402080.0,kWh,65336.0,1.48,1.22,9628,1546311,926100000,MTR-DC03-EL-09,M1,EMS,2024-10-05 07:30:00,2024-10-05 09:00:00,2024-10-10 10:00:00,user_001,4336744.0,0.4596,0.4596,SUP-EN-001,65336.0,0.0,1993.1675,2023.196
EMS-E-2024-0034,SITE-DC03,상암 데이터센터,데이터센터,2024,10,전력,한국전력(KEPCO),4267323.0,kWh,63336.0,1.48,1.22,9334,1498975,897750000,MTR-DC03-EL-10,M1,EMS,2024-11-05 07:30:00,2024-11-05 09:00:00,2024-11-10 10:00:00,user_001,4203987.0,0.4596,0.4596,SUP-EN-001,63336.0,0.0,1932.1524,1961.2617
EMS-E-2024-0035,SITE-DC03,상암 데이터센터,데이터센터,2024,11,전력,한국전력(KEPCO),4402080.0,kWh,65336.0,1.48,1.22,9628,1546311,926100000,MTR-DC03-EL-11,M1,EMS,2024-12-05 07:30:00,2024-12-05 09:00:00,2024-12-10 10:00:00,user_001,4336744.0,0.4596,0.4596,SUP-EN-001,65336.0,0.0,1993.1675,2023.196
EMS-E-2024-0036,SITE-DC03,상암 데이터센터,데이터센터,2024,12,전력,한국전력(KEPCO),4581757.0,kWh,68003.0,1.48,1.212,10087,1561139,963900000,MTR-DC03-EL-12,M1,EMS,2024-01-05 07:30:00,2024-01-05 09:00:00,2024-01-10 10:00:00,user_001,4513754.0,0.4596,0.4596,SUP-EN-001,68003.0,0.0,2074.5213,2105.7755
EMS-E-2024-0037,SITE-DC04,춘천 데이터센터,데이터센터,2024,1,전력,한국전력(KEPCO),5165707.0,kWh,76670.0,1.48,1.157,11914,1365439,1086750000,MTR-DC04-EL-01,M1,EMS,2024-02-05 07:30:00,2024-02-05 09:00:00,2024-02-10 10:00:00,user_001,5089037.0,0.4596,0.4596,SUP-EN-001,76670.0,0.0,2338.9214,2374.1589
EMS-E-2024-0038,SITE-DC04,춘천 데이터센터,데이터센터,2024,2,전력,한국전력(KEPCO),5018115.0,kWh,74480.0,1.48,1.157,11573,1326426,1055700000,MTR-DC04-EL-02,M1,EMS,2024-03-05 07:30:00,2024-03-05 09:00:00,2024-03-10 10:00:00,user_001,4943635.0,0.4596,0.4596,SUP-EN-001,74480.0,0.0,2272.0946,2306.3257
EMS-E-2024-0039,SITE-DC04,춘천 데이터센터,데이터센터,2024,3,전력,한국전력(KEPCO),4722932.0,kWh,70098.0,1.48,1.165,10818,1303004,993600000,MTR-DC04-EL-03,M1,EMS,2024-04-05 07:30:00,2024-04-05 09:00:00,2024-04-10 10:00:00,user_001,4652834.0,0.4596,0.4596,SUP-EN-001,70098.0,0.0,2138.4425,2170.6595
EMS-E-2024-0040,SITE-DC04,춘천 데이터센터,데이터센터,2024,4,전력,한국전력(KEPCO),4526143.0,kWh,67178.0,1.48,1.165,10367,1248712,952200036,MTR-DC04-EL-04,M1,EMS,2024-05-05 07:30:00,2024-05-05 09:00:00,2024-05-10 10:00:00,user_001,4458965.0,0.4596,0.4596,SUP-EN-001,67178.0,0.0,2049.3403,2080.2153
EMS-E-2024-0041,SITE-DC04,춘천 데이터센터,데이터센터,2024,5,전력,한국전력(KEPCO),4673735.0,kWh,69368.0,1.48,1.165,10705,1289431,983250036,MTR-DC04-EL-05,M1,EMS,2024-06-05 07:30:00,2024-06-05 09:00:00,2024-06-10 10:00:00,user_001,4604367.0,0.4596,0.4596,SUP-EN-001,69368.0,0.0,2116.1671,2148.0486
EMS-E-2024-0042,SITE-DC04,춘천 데이터센터,데이터센터,2024,6,전력,한국전력(KEPCO),5313298.0,kWh,78861.0,1.48,1.18,12015,1578814,1117800000,MTR-DC04-EL-06,M1,EMS,2024-07-05 07:30:00,2024-07-05 09:00:00,2024-07-10 10:00:00,user_001,5234437.0,0.4596,0.4596,SUP-EN-001,78861.0,0.0,2405.7472,2441.9918
EMS-E-2024-0043,SITE-DC04,춘천 데이터센터,데이터센터,2024,7,전력,한국전력(KEPCO),5657679.0,kWh,83972.0,1.48,1.18,12794,1681144,1190249964,MTR-DC04-EL-07,M1,EMS,2024-08-05 07:30:00,2024-08-05 09:00:00,2024-08-10 10:00:00,user_001,5573707.0,0.4596,0.4596,SUP-EN-001,83972.0,0.0,2561.6757,2600.2693
EMS-E-2024-0044,SITE-DC04,춘천 데이터센터,데이터센터,2024,8,전력,한국전력(KEPCO),5608482.0,kWh,83242.0,1.48,1.18,12683,1666525,1179900000,MTR-DC04-EL-08,M1,EMS,2024-09-05 07:30:00,2024-09-05 09:00:00,2024-09-10 10:00:00,user_001,5525240.0,0.4596,0.4596,SUP-EN-001,83242.0,0.0,2539.4003,2577.6583
EMS-E-2024-0045,SITE-DC04,춘천 데이터센터,데이터센터,2024,9,전력,한국전력(KEPCO),4821326.0,kWh,71559.0,1.48,1.165,11043,1330150,1014300036,MTR-DC04-EL-09,M1,EMS,2024-10-05 07:30:00,2024-10-05 09:00:00,2024-10-10 10:00:00,user_001,4749767.0,0.4596,0.4596,SUP-EN-001,71559.0,0.0,2182.9929,2215.8814
EMS-E-2024-0046,SITE-DC04,춘천 데이터센터,데이터센터,2024,10,전력,한국전력(KEPCO),4673735.0,kWh,69368.0,1.48,1.165,10705,1289431,983250036,MTR-DC04-EL-10,M1,EMS,2024-11-05 07:30:00,2024-11-05 09:00:00,2024-11-10 10:00:00,user_001,4604367.0,0.4596,0.4596,SUP-EN-001,69368.0,0.0,2116.1671,2148.0486
EMS-E-2024-0047,SITE-DC04,춘천 데이터센터,데이터센터,2024,11,전력,한국전력(KEPCO),4821326.0,kWh,71559.0,1.48,1.165,11043,1330150,1014300036,MTR-DC04-EL-11,M1,EMS,2024-12-05 07:30:00,2024-12-05 09:00:00,2024-12-10 10:00:00,user_001,4749767.0,0.4596,0.4596,SUP-EN-001,71559.0,0.0,2182.9929,2215.8814
EMS-E-2024-0048,SITE-DC04,춘천 데이터센터,데이터센터,2024,12,전력,한국전력(KEPCO),5018115.0,kWh,74480.0,1.48,1.157,11573,1326426,1055700000,MTR-DC04-EL-12,M1,EMS,2024-01-05 07:30:00,2024-01-05 09:00:00,2024-01-10 10:00:00,user_001,4943635.0,0.4596,0.4596,SUP-EN-001,74480.0,0.0,2272.0946,2306.3257
EMS-E-2024-0049,SITE-DC05,판교 데이터센터,데이터센터,2024,1,전력,한국전력(KEPCO),3818131.0,kWh,56669.0,1.48,1.192,8547,1197987,803250000,MTR-DC05-EL-01,M1,EMS,2024-02-05 07:30:00,2024-02-05 09:00:00,2024-02-10 10:00:00,user_001,3761462.0,0.4596,0.4596,SUP-EN-001,56669.0,0.0,1728.7679,1754.813
EMS-E-2024-0050,SITE-DC05,판교 데이터센터,데이터센터,2024,2,전력,한국전력(KEPCO),3709042.0,kWh,55050.0,1.48,1.192,8303,1163758,780300000,MTR-DC05-EL-02,M1,EMS,2024-03-05 07:30:00,2024-03-05 09:00:00,2024-03-10 10:00:00,user_001,3653992.0,0.4596,0.4596,SUP-EN-001,55050.0,0.0,1679.3747,1704.6757
EMS-E-2024-0051,SITE-DC05,판교 데이터센터,데이터센터,2024,3,전력,한국전력(KEPCO),3490863.0,kWh,51812.0,1.48,1.2,7763,1133333,734400000,MTR-DC05-EL-03,M1,EMS,2024-04-05 07:30:00,2024-04-05 09:00:00,2024-04-10 10:00:00,user_001,3439051.0,0.4596,0.4596,SUP-EN-001,51812.0,0.0,1580.5878,1604.4006
EMS-E-2024-0052,SITE-DC05,판교 데이터센터,데이터센터,2024,4,전력,한국전력(KEPCO),3345410.0,kWh,49653.0,1.48,1.2,7439,1086111,703800036,MTR-DC05-EL-04,M1,EMS,2024-05-05 07:30:00,2024-05-05 09:00:00,2024-05-10 10:00:00,user_001,3295757.0,0.4596,0.4596,SUP-EN-001,49653.0,0.0,1514.7299,1537.5504
EMS-E-2024-0053,SITE-DC05,판교 데이터센터,데이터센터,2024,5,전력,한국전력(KEPCO),3454500.0,kWh,51272.0,1.48,1.2,7682,1121528,726750036,MTR-DC05-EL-05,M1,EMS,2024-06-05 07:30:00,2024-06-05 09:00:00,2024-06-10 10:00:00,user_001,3403228.0,0.4596,0.4596,SUP-EN-001,51272.0,0.0,1564.1236,1587.6882
EMS-E-2024-0054,SITE-DC05,판교 데이터센터,데이터센터,2024,6,전력,한국전력(KEPCO),3927220.0,kWh,58288.0,1.48,1.215,8625,1353704,826200000,MTR-DC05-EL-06,M1,EMS,2024-07-05 07:30:00,2024-07-05 09:00:00,2024-07-10 10:00:00,user_001,3868932.0,0.4596,0.4596,SUP-EN-001,58288.0,0.0,1778.1611,1804.9503
EMS-E-2024-0055,SITE-DC05,판교 데이터센터,데이터센터,2024,7,전력,한국전력(KEPCO),4181762.0,kWh,62066.0,1.48,1.215,9184,1441444,879749964,MTR-DC05-EL-07,M1,EMS,2024-08-05 07:30:00,2024-08-05 09:00:00,2024-08-10 10:00:00,user_001,4119696.0,0.4596,0.4596,SUP-EN-001,62066.0,0.0,1893.4123,1921.9378
EMS-E-2024-0056,SITE-DC05,판교 데이터센터,데이터센터,2024,8,전력,한국전력(KEPCO),4145399.0,kWh,61527.0,1.48,1.215,9104,1428909,872100000,MTR-DC05-EL-08,M1,EMS,2024-09-05 07:30:00,2024-09-05 09:00:00,2024-09-10 10:00:00,user_001,4083872.0,0.4596,0.4596,SUP-EN-001,61527.0,0.0,1876.9476,1905.2254
EMS-E-2024-0057,SITE-DC05,판교 데이터센터,데이터센터,2024,9,전력,한국전력(KEPCO),3563589.0,kWh,52891.0,1.48,1.2,7924,1156944,749700036,MTR-DC05-EL-09,M1,EMS,2024-10-05 07:30:00,2024-10-05 09:00:00,2024-10-10 10:00:00,user_001,3510698.0,0.4596,0.4596,SUP-EN-001,52891.0,0.0,1613.5168,1637.8255
EMS-E-2024-0058,SITE-DC05,판교 데이터센터,데이터센터,2024,10,전력,한국전력(KEPCO),3454500.0,kWh,51272.0,1.48,1.2,7682,1121528,726750036,MTR-DC05-EL-10,M1,EMS,2024-11-05 07:30:00,2024-11-05 09:00:00,2024-11-10 10:00:00,user_001,3403228.0,0.4596,0.4596,SUP-EN-001,51272.0,0.0,1564.1236,1587.6882
EMS-E-2024-0059,SITE-DC05,판교 데이터센터,데이터센터,2024,11,전력,한국전력(KEPCO),3563589.0,kWh,52891.0,1.48,1.2,7924,1156944,749700036,MTR-DC05-EL-11,M1,EMS,2024-12-05 07:30:00,2024-12-05 09:00:00,2024-12-10 10:00:00,user_001,3510698.0,0.4596,0.4596,SUP-EN-001,52891.0,0.0,1613.5168,1637.8255
EMS-E-2024-0060,SITE-DC05,판교 데이터센터,데이터센터,2024,12,전력,한국전력(KEPCO),3709042.0,kWh,55050.0,1.48,1.192,8303,1163758,780300000,MTR-DC05-EL-12,M1,EMS,2024-01-05 07:30:00,2024-01-05 09:00:00,2024-01-10 10:00:00,user_001,3653992.0,0.4596,0.4596,SUP-EN-001,55050.0,0.0,1679.3747,1704.6757
EMS-E-2024-0061,SITE-OF01,잠실 본사,오피스,2024,1,전력,한국전력(KEPCO),2784990.0,kWh,41335.0,1.48,,,,596750000,MTR-OF01-EL-01,M1,EMS,2024-02-05 07:30:00,2024-02-05 09:00:00,2024-02-10 10:00:00,user_001,2743655.0,0.4596,0.4596,SUP-EN-001,41335.0,0.0,1260.9838,1279.9814
EMS-E-2024-0062,SITE-OF01,잠실 본사,오피스,2024,2,전력,한국전력(KEPCO),2705419.0,kWh,40154.0,1.48,,,,579700000,MTR-OF01-EL-02,M1,EMS,2024-03-05 07:30:00,2024-03-05 09:00:00,2024-03-10 10:00:00,user_001,2665265.0,0.4596,0.4596,SUP-EN-001,40154.0,0.0,1224.9558,1243.4106
EMS-E-2024-0063,SITE-OF01,잠실 본사,오피스,2024,3,전력,한국전력(KEPCO),2546276.0,kWh,37792.0,1.48,,,,545600000,MTR-OF01-EL-03,M1,EMS,2024-04-05 07:30:00,2024-04-05 09:00:00,2024-04-10 10:00:00,user_001,2508484.0,0.4596,0.4596,SUP-EN-001,37792.0,0.0,1152.8992,1170.2684
EMS-E-2024-0064,SITE-OF01,잠실 본사,오피스,2024,4,전력,한국전력(KEPCO),2440181.0,kWh,36218.0,1.48,,,,522866630,MTR-OF01-EL-04,M1,EMS,2024-05-05 07:30:00,2024-05-05 09:00:00,2024-05-10 10:00:00,user_001,2403963.0,0.4596,0.4596,SUP-EN-001,36218.0,0.0,1104.8614,1121.5072
EMS-E-2024-0065,SITE-OF01,잠실 본사,오피스,2024,5,전력,한국전력(KEPCO),2519752.0,kWh,37399.0,1.48,,,,539916630,MTR-OF01-EL-05,M1,EMS,2024-06-05 07:30:00,2024-06-05 09:00:00,2024-06-10 10:00:00,user_001,2482353.0,0.4596,0.4596,SUP-EN-001,37399.0,0.0,1140.8894,1158.078
EMS-E-2024-0066,SITE-OF01,잠실 본사,오피스,2024,6,전력,한국전력(KEPCO),2864561.0,kWh,42516.0,1.48,,,,613800000,MTR-OF01-EL-06,M1,EMS,2024-07-05 07:30:00,2024-07-05 09:00:00,2024-07-10 10:00:00,user_001,2822045.0,0.4596,0.4596,SUP-EN-001,42516.0,0.0,1297.0119,1316.5522
EMS-E-2024-0067,SITE-OF01,잠실 본사,오피스,2024,7,전력,한국전력(KEPCO),3050227.0,kWh,45272.0,1.48,,,,653583370,MTR-OF01-EL-07,M1,EMS,2024-08-05 07:30:00,2024-08-05 09:00:00,2024-08-10 10:00:00,user_001,3004955.0,0.4596,0.4596,SUP-EN-001,45272.0,0.0,1381.0773,1401.8843
EMS-E-2024-0068,SITE-OF01,잠실 본사,오피스,2024,8,전력,한국전력(KEPCO),3023703.0,kWh,44878.0,1.48,,,,647900000,MTR-OF01-EL-08,M1,EMS,2024-09-05 07:30:00,2024-09-05 09:00:00,2024-09-10 10:00:00,user_001,2978825.0,0.4596,0.4596,SUP-EN-001,44878.0,0.0,1369.068,1389.6939
EMS-E-2024-0069,SITE-OF01,잠실 본사,오피스,2024,9,전력,한국전력(KEPCO),2599324.0,kWh,38580.0,1.48,,,,556966630,MTR-OF01-EL-09,M1,EMS,2024-10-05 07:30:00,2024-10-05 09:00:00,2024-10-10 10:00:00,user_001,2560744.0,0.4596,0.4596,SUP-EN-001,38580.0,0.0,1176.9179,1194.6493
EMS-E-2024-0070,SITE-OF01,잠실 본사,오피스,2024,10,전력,한국전력(KEPCO),2519752.0,kWh,37399.0,1.48,,,,539916630,MTR-OF01-EL-10,M1,EMS,2024-11-05 07:30:00,2024-11-05 09:00:00,2024-11-10 10:00:00,user_001,2482353.0,0.4596,0.4596,SUP-EN-001,37399.0,0.0,1140.8894,1158.078
EMS-E-2024-0071,SITE-OF01,잠실 본사,오피스,2024,11,전력,한국전력(KEPCO),2599324.0,kWh,38580.0,1.48,,,,556966630,MTR-OF01-EL-11,M1,EMS,2024-12-05 07:30:00,2024-12-05 09:00:00,2024-12-10 10:00:00,user_001,2560744.0,0.4596,0.4596,SUP-EN-001,38580.0,0.0,1176.9179,1194.6493
EMS-E-2024-0072,SITE-OF01,잠실 본사,오피스,2024,12,전력,한국전력(KEPCO),2705419.0,kWh,40154.0,1.48,,,,579700000,MTR-OF01-EL-12,M1,EMS,2024-01-05 07:30:00,2024-01-05 09:00:00,2024-01-10 10:00:00,user_001,2665265.0,0.4596,0.4596,SUP-EN-001,40154.0,0.0,1224.9558,1243.4106
EMS-E-2024-0073,SITE-OF02,수원 오피스,오피스,2024,1,전력,한국전력(KEPCO),1886606.0,kWh,28001.0,1.48,,,,404250000,MTR-OF02-EL-01,M1,EMS,2024-02-05 07:30:00,2024-02-05 09:00:00,2024-02-10 10:00:00,user_001,1858605.0,0.4596,0.4596,SUP-EN-001,28001.0,0.0,854.2149,867.0841
EMS-E-2024-0074,SITE-OF02,수원 오피스,오피스,2024,2,전력,한국전력(KEPCO),1832703.0,kWh,27201.0,1.48,,,,392700000,MTR-OF02-EL-02,M1,EMS,2024-03-05 07:30:00,2024-03-05 09:00:00,2024-03-10 10:00:00,user_001,1805502.0,0.4596,0.4596,SUP-EN-001,27201.0,0.0,829.8087,842.3103
EMS-E-2024-0075,SITE-OF02,수원 오피스,오피스,2024,3,전력,한국전력(KEPCO),1724897.0,kWh,25601.0,1.48,,,,369600000,MTR-OF02-EL-03,M1,EMS,2024-04-05 07:30:00,2024-04-05 09:00:00,2024-04-10 10:00:00,user_001,1699296.0,0.4596,0.4596,SUP-EN-001,25601.0,0.0,780.9964,792.7627
EMS-E-2024-0076,SITE-OF02,수원 오피스,오피스,2024,4,전력,한국전력(KEPCO),1653026.0,kWh,24534.0,1.48,,,,354200000,MTR-OF02-EL-04,M1,EMS,2024-05-05 07:30:00,2024-05-05 09:00:00,2024-05-10 10:00:00,user_001,1628492.0,0.4596,0.4596,SUP-EN-001,24534.0,0.0,748.4549,759.7307
EMS-E-2024-0077,SITE-OF02,수원 오피스,오피스,2024,5,전력,한국전력(KEPCO),1706929.0,kWh,25334.0,1.48,,,,365750000,MTR-OF02-EL-05,M1,EMS,2024-06-05 07:30:00,2024-06-05 09:00:00,2024-06-10 10:00:00,user_001,1681595.0,0.4596,0.4596,SUP-EN-001,25334.0,0.0,772.8611,784.5046
EMS-E-2024-0078,SITE-OF02,수원 오피스,오피스,2024,6,전력,한국전력(KEPCO),1940509.0,kWh,28801.0,1.48,,,,415800000,MTR-OF02-EL-06,M1,EMS,2024-07-05 07:30:00,2024-07-05 09:00:00,2024-07-10 10:00:00,user_001,1911708.0,0.4596,0.4596,SUP-EN-001,28801.0,0.0,878.621,891.8579
EMS-E-2024-0079,SITE-OF02,수원 오피스,오피스,2024,7,전력,한국전력(KEPCO),2066283.0,kWh,30668.0,1.48,,,,442750000,MTR-OF02-EL-07,M1,EMS,2024-08-05 07:30:00,2024-08-05 09:00:00,2024-08-10 10:00:00,user_001,2035615.0,0.4596,0.4596,SUP-EN-001,30668.0,0.0,935.5687,949.6637
EMS-E-2024-0080,SITE-OF02,수원 오피스,오피스,2024,8,전력,한국전력(KEPCO),2048315.0,kWh,30401.0,1.48,,,,438900000,MTR-OF02-EL-08,M1,EMS,2024-09-05 07:30:00,2024-09-05 09:00:00,2024-09-10 10:00:00,user_001,2017914.0,0.4596,0.4596,SUP-EN-001,30401.0,0.0,927.4333,941.4056
EMS-E-2024-0081,SITE-OF02,수원 오피스,오피스,2024,9,전력,한국전력(KEPCO),1760832.0,kWh,26135.0,1.48,,,,377300000,MTR-OF02-EL-09,M1,EMS,2024-10-05 07:30:00,2024-10-05 09:00:00,2024-10-10 10:00:00,user_001,1734697.0,0.4596,0.4596,SUP-EN-001,26135.0,0.0,797.2667,809.2784
EMS-E-2024-0082,SITE-OF02,수원 오피스,오피스,2024,10,전력,한국전력(KEPCO),1706929.0,kWh,25334.0,1.48,,,,365750000,MTR-OF02-EL-10,M1,EMS,2024-11-05 07:30:00,2024-11-05 09:00:00,2024-11-10 10:00:00,user_001,1681595.0,0.4596,0.4596,SUP-EN-001,25334.0,0.0,772.8611,784.5046
EMS-E-2024-0083,SITE-OF02,수원 오피스,오피스,2024,11,전력,한국전력(KEPCO),1760832.0,kWh,26135.0,1.48,,,,377300000,MTR-OF02-EL-11,M1,EMS,2024-12-05 07:30:00,2024-12-05 09:00:00,2024-12-10 10:00:00,user_001,1734697.0,0.4596,0.4596,SUP-EN-001,26135.0,0.0,797.2667,809.2784
EMS-E-2024-0084,SITE-OF02,수원 오피스,오피스,2024,12,전력,한국전력(KEPCO),1832703.0,kWh,27201.0,1.48,,,,392700000,MTR-OF02-EL-12,M1,EMS,2024-01-05 07:30:00,2024-01-05 09:00:00,2024-01-10 10:00:00,user_001,1805502.0,0.4596,0.4596,SUP-EN-001,27201.0,0.0,829.8087,842.3103
EMS-E-2024-0085,SITE-OF03,구미 오피스,오피스,2024,1,전력,한국전력(KEPCO),381813.0,kWh,5667.0,1.48,,,,81812500,MTR-OF03-EL-01,M1,EMS,2024-02-05 07:30:00,2024-02-05 09:00:00,2024-02-10 10:00:00,user_001,376146.0,0.4596,0.4596,SUP-EN-001,5667.0,0.0,172.8767,175.4813
EMS-E-2024-0086,SITE-OF03,구미 오피스,오피스,2024,2,전력,한국전력(KEPCO),370904.0,kWh,5505.0,1.48,,,,79475000,MTR-OF03-EL-02,M1,EMS,2024-03-05 07:30:00,2024-03-05 09:00:00,2024-03-10 10:00:00,user_001,365399.0,0.4596,0.4596,SUP-EN-001,5505.0,0.0,167.9374,170.4675
EMS-E-2024-0087,SITE-OF03,구미 오피스,오피스,2024,3,전력,한국전력(KEPCO),349086.0,kWh,5181.0,1.48,,,,74800000,MTR-OF03-EL-03,M1,EMS,2024-04-05 07:30:00,2024-04-05 09:00:00,2024-04-10 10:00:00,user_001,343905.0,0.4596,0.4596,SUP-EN-001,5181.0,0.0,158.0587,160.4399
EMS-E-2024-0088,SITE-OF03,구미 오피스,오피스,2024,4,전력,한국전력(KEPCO),334541.0,kWh,4965.0,1.48,,,,71683370,MTR-OF03-EL-04,M1,EMS,2024-05-05 07:30:00,2024-05-05 09:00:00,2024-05-10 10:00:00,user_001,329576.0,0.4596,0.4596,SUP-EN-001,4965.0,0.0,151.4731,153.755
EMS-E-2024-0089,SITE-OF03,구미 오피스,오피스,2024,5,전력,한국전력(KEPCO),345450.0,kWh,5127.0,1.48,,,,74020870,MTR-OF03-EL-05,M1,EMS,2024-06-05 07:30:00,2024-06-05 09:00:00,2024-06-10 10:00:00,user_001,340323.0,0.4596,0.4596,SUP-EN-001,5127.0,0.0,156.4125,158.7688
EMS-E-2024-0090,SITE-OF03,구미 오피스,오피스,2024,6,전력,한국전력(KEPCO),392722.0,kWh,5829.0,1.48,,,,84150000,MTR-OF03-EL-06,M1,EMS,2024-07-05 07:30:00,2024-07-05 09:00:00,2024-07-10 10:00:00,user_001,386893.0,0.4596,0.4596,SUP-EN-001,5829.0,0.0,177.816,180.495
EMS-E-2024-0091,SITE-OF03,구미 오피스,오피스,2024,7,전력,한국전력(KEPCO),418176.0,kWh,6207.0,1.48,,,,89604130,MTR-OF03-EL-07,M1,EMS,2024-08-05 07:30:00,2024-08-05 09:00:00,2024-08-10 10:00:00,user_001,411969.0,0.4596,0.4596,SUP-EN-001,6207.0,0.0,189.341,192.1937
EMS-E-2024-0092,SITE-OF03,구미 오피스,오피스,2024,8,전력,한국전력(KEPCO),414540.0,kWh,6153.0,1.48,,,,88825000,MTR-OF03-EL-08,M1,EMS,2024-09-05 07:30:00,2024-09-05 09:00:00,2024-09-10 10:00:00,user_001,408387.0,0.4596,0.4596,SUP-EN-001,6153.0,0.0,187.6947,190.5226
EMS-E-2024-0093,SITE-OF03,구미 오피스,오피스,2024,9,전력,한국전력(KEPCO),356359.0,kWh,5289.0,1.48,,,,76358370,MTR-OF03-EL-09,M1,EMS,2024-10-05 07:30:00,2024-10-05 09:00:00,2024-10-10 10:00:00,user_001,351070.0,0.4596,0.4596,SUP-EN-001,5289.0,0.0,161.3518,163.7826
EMS-E-2024-0094,SITE-OF03,구미 오피스,오피스,2024,10,전력,한국전력(KEPCO),345450.0,kWh,5127.0,1.48,,,,74020870,MTR-OF03-EL-10,M1,EMS,2024-11-05 07:30:00,2024-11-05 09:00:00,2024-11-10 10:00:00,user_001,340323.0,0.4596,0.4596,SUP-EN-001,5127.0,0.0,156.4125,158.7688
EMS-E-2024-0095,SITE-OF03,구미 오피스,오피스,2024,11,전력,한국전력(KEPCO),356359.0,kWh,5289.0,1.48,,,,76358370,MTR-OF03-EL-11,M1,EMS,2024-12-05 07:30:00,2024-12-05 09:00:00,2024-12-10 10:00:00,user_001,351070.0,0.4596,0.4596,SUP-EN-001,5289.0,0.0,161.3518,163.7826
EMS-E-2024-0096,SITE-OF03,구미 오피스,오피스,2024,12,전력,한국전력(KEPCO),370904.0,kWh,5505.0,1.48,,,,79475000,MTR-OF03-EL-12,M1,EMS,2024-01-05 07:30:00,2024-01-05 09:00:00,2024-01-10 10:00:00,user_001,365399.0,0.4596,0.4596,SUP-EN-001,5505.0,0.0,167.9374,170.4675
EMS-E-2024-0097,SITE-WH01,인천 물류지원센터,물류센터,2024,1,전력,한국전력(KEPCO),539030.0,kWh,8000.0,1.48,,,,115500000,MTR-WH01-EL-01,M1,EMS,2024-02-05 07:30:00,2024-02-05 09:00:00,2024-02-10 10:00:00,user_001,531030.0,0.4596,0.4596,SUP-EN-001,8000.0,0.0,244.0614,247.7382
EMS-E-2024-0098,SITE-WH01,인천 물류지원센터,물류센터,2024,2,전력,한국전력(KEPCO),523629.0,kWh,7772.0,1.48,,,,112200000,MTR-WH01-EL-02,M1,EMS,2024-03-05 07:30:00,2024-03-05 09:00:00,2024-03-10 10:00:00,user_001,515857.0,0.4596,0.4596,SUP-EN-001,7772.0,0.0,237.0879,240.6599
EMS-E-2024-0099,SITE-WH01,인천 물류지원센터,물류센터,2024,3,전력,한국전력(KEPCO),492828.0,kWh,7315.0,1.48,,,,105600000,MTR-WH01-EL-03,M1,EMS,2024-04-05 07:30:00,2024-04-05 09:00:00,2024-04-10 10:00:00,user_001,485513.0,0.4596,0.4596,SUP-EN-001,7315.0,0.0,223.1418,226.5037
EMS-E-2024-0100,SITE-WH01,인천 물류지원센터,물류센터,2024,4,전력,한국전력(KEPCO),472293.0,kWh,7010.0,1.48,,,,101200000,MTR-WH01-EL-04,M1,EMS,2024-05-05 07:30:00,2024-05-05 09:00:00,2024-05-10 10:00:00,user_001,465283.0,0.4596,0.4596,SUP-EN-001,7010.0,0.0,213.8441,217.0659
EMS-E-2024-0101,SITE-WH01,인천 물류지원센터,물류센터,2024,5,전력,한국전력(KEPCO),487694.0,kWh,7238.0,1.48,,,,104500000,MTR-WH01-EL-05,M1,EMS,2024-06-05 07:30:00,2024-06-05 09:00:00,2024-06-10 10:00:00,user_001,480456.0,0.4596,0.4596,SUP-EN-001,7238.0,0.0,220.8176,224.1442
EMS-E-2024-0102,SITE-WH01,인천 물류지원센터,물류센터,2024,6,전력,한국전력(KEPCO),554431.0,kWh,8229.0,1.48,,,,118800000,MTR-WH01-EL-06,M1,EMS,2024-07-05 07:30:00,2024-07-05 09:00:00,2024-07-10 10:00:00,user_001,546202.0,0.4596,0.4596,SUP-EN-001,8229.0,0.0,251.0344,254.8165
EMS-E-2024-0103,SITE-WH01,인천 물류지원센터,물류센터,2024,7,전력,한국전력(KEPCO),590366.0,kWh,8762.0,1.48,,,,126500000,MTR-WH01-EL-07,M1,EMS,2024-08-05 07:30:00,2024-08-05 09:00:00,2024-08-10 10:00:00,user_001,581604.0,0.4596,0.4596,SUP-EN-001,8762.0,0.0,267.3052,271.3322
EMS-E-2024-0104,SITE-WH01,인천 물류지원센터,물류센터,2024,8,전력,한국전력(KEPCO),585233.0,kWh,8686.0,1.48,,,,125400000,MTR-WH01-EL-08,M1,EMS,2024-09-05 07:30:00,2024-09-05 09:00:00,2024-09-10 10:00:00,user_001,576547.0,0.4596,0.4596,SUP-EN-001,8686.0,0.0,264.981,268.9731
EMS-E-2024-0105,SITE-WH01,인천 물류지원센터,물류센터,2024,9,전력,한국전력(KEPCO),503095.0,kWh,7467.0,1.48,,,,107800000,MTR-WH01-EL-09,M1,EMS,2024-10-05 07:30:00,2024-10-05 09:00:00,2024-10-10 10:00:00,user_001,495628.0,0.4596,0.4596,SUP-EN-001,7467.0,0.0,227.7906,231.2225
EMS-E-2024-0106,SITE-WH01,인천 물류지원센터,물류센터,2024,10,전력,한국전력(KEPCO),487694.0,kWh,7238.0,1.48,,,,104500000,MTR-WH01-EL-10,M1,EMS,2024-11-05 07:30:00,2024-11-05 09:00:00,2024-11-10 10:00:00,user_001,480456.0,0.4596,0.4596,SUP-EN-001,7238.0,0.0,220.8176,224.1442
EMS-E-2024-0107,SITE-WH01,인천 물류지원센터,물류센터,2024,11,전력,한국전력(KEPCO),503095.0,kWh,7467.0,1.48,,,,107800000,MTR-WH01-EL-11,M1,EMS,2024-12-05 07:30:00,2024-12-05 09:00:00,2024-12-10 10:00:00,user_001,495628.0,0.4596,0.4596,SUP-EN-001,7467.0,0.0,227.7906,231.2225
EMS-E-2024-0108,SITE-WH01,인천 물류지원센터,물류센터,2024,12,전력,한국전력(KEPCO),523629.0,kWh,7772.0,1.48,,,,112200000,MTR-WH01-EL-12,M1,EMS,2024-01-05 07:30:00,2024-01-05 09:00:00,2024-01-10 10:00:00,user_001,515857.0,0.4596,0.4596,SUP-EN-001,7772.0,0.0,237.0879,240.6599
EMS-E-2024-0109,SITE-OF01,잠실 본사,오피스,2024,1,열,한국지역난방공사,38.48,GJ,0,0.0,,,,692640,MTR-OF01-HT-01,M1,EMS,2024-02-05 07:30:00,2024-02-05 09:00:00,2024-02-10 10:00:00,user_001,0.0,0.0,0.0,SUP-EN-002,0.0,0.0,0.0,0.0
EMS-E-2024-0110,SITE-OF01,잠실 본사,오피스,2024,2,열,한국지역난방공사,36.48,GJ,0,0.0,,,,656640,MTR-OF01-HT-02,M1,EMS,2024-03-05 07:30:00,2024-03-05 09:00:00,2024-03-10 10:00:00,user_001,0.0,0.0,0.0,SUP-EN-002,0.0,0.0,0.0,0.0
EMS-E-2024-0111,SITE-OF01,잠실 본사,오피스,2024,3,열,한국지역난방공사,29.93,GJ,0,0.0,,,,538740,MTR-OF01-HT-03,M1,EMS,2024-04-05 07:30:00,2024-04-05 09:00:00,2024-04-10 10:00:00,user_001,0.0,0.0,0.0,SUP-EN-002,0.0,0.0,0.0,0.0
EMS-E-2024-0112,SITE-OF01,잠실 본사,오피스,2024,4,열,한국지역난방공사,19.95,GJ,0,0.0,,,,359100,MTR-OF01-HT-04,M1,EMS,2024-05-05 07:30:00,2024-05-05 09:00:00,2024-05-10 10:00:00,user_001,0.0,0.0,0.0,SUP-EN-002,0.0,0.0,0.0,0.0
EMS-E-2024-0113,SITE-OF01,잠실 본사,오피스,2024,5,열,한국지역난방공사,14.25,GJ,0,0.0,,,,256500,MTR-OF01-HT-05,M1,EMS,2024-06-05 07:30:00,2024-06-05 09:00:00,2024-06-10 10:00:00,user_001,0.0,0.0,0.0,SUP-EN-002,0.0,0.0,0.0,0.0
EMS-E-2024-0114,SITE-OF01,잠실 본사,오피스,2024,6,열,한국지역난방공사,9.97,GJ,0,0.0,,,,179460,MTR-OF01-HT-06,M1,EMS,2024-07-05 07:30:00,2024-07-05 09:00:00,2024-07-10 10:00:00,user_001,0.0,0.0,0.0,SUP-EN-002,0.0,0.0,0.0,0.0
EMS-E-2024-0115,SITE-OF01,잠실 본사,오피스,2024,7,열,한국지역난방공사,8.55,GJ,0,0.0,,,,153900,MTR-OF01-HT-07,M1,EMS,2024-08-05 07:30:00,2024-08-05 09:00:00,2024-08-10 10:00:00,user_001,0.0,0.0,0.0,SUP-EN-002,0.0,0.0,0.0,0.0
EMS-E-2024-0116,SITE-OF01,잠실 본사,오피스,2024,8,열,한국지역난방공사,9.12,GJ,0,0.0,,,,164160,MTR-OF01-HT-08,M1,EMS,2024-09-05 07:30:00,2024-09-05 09:00:00,2024-09-10 10:00:00,user_001,0.0,0.0,0.0,SUP-EN-002,0.0,0.0,0.0,0.0
EMS-E-2024-0117,SITE-OF01,잠실 본사,오피스,2024,9,열,한국지역난방공사,15.68,GJ,0,0.0,,,,282240,MTR-OF01-HT-09,M1,EMS,2024-10-05 07:30:00,2024-10-05 09:00:00,2024-10-10 10:00:00,user_001,0.0,0.0,0.0,SUP-EN-002,0.0,0.0,0.0,0.0
EMS-E-2024-0118,SITE-OF01,잠실 본사,오피스,2024,10,열,한국지역난방공사,22.8,GJ,0,0.0,,,,410400,MTR-OF01-HT-10,M1,EMS,2024-11-05 07:30:00,2024-11-05 09:00:00,2024-11-10 10:00:00,user_001,0.0,0.0,0.0,SUP-EN-002,0.0,0.0,0.0,0.0
EMS-E-2024-0119,SITE-OF01,잠실 본사,오피스,2024,11,열,한국지역난방공사,31.35,GJ,0,0.0,,,,564300,MTR-OF01-HT-11,M1,EMS,2024-12-05 07:30:00,2024-12-05 09:00:00,2024-12-10 10:00:00,user_001,0.0,0.0,0.0,SUP-EN-002,0.0,0.0,0.0,0.0
EMS-E-2024-0120,SITE-OF01,잠실 본사,오피스,2024,12,열,한국지역난방공사,37.05,GJ,0,0.0,,,,666900,MTR-OF01-HT-12,M1,EMS,2024-01-05 07:30:00,2024-01-05 09:00:00,2024-01-10 10:00:00,user_001,0.0,0.0,0.0,SUP-EN-002,0.0,0.0,0.0,0.0
EMS-E-2024-0121,SITE-OF02,수원 오피스,오피스,2024,1,열,한국지역난방공사,24.57,GJ,0,0.0,,,,442260,MTR-OF02-HT-01,M1,EMS,2024-02-05 07:30:00,2024-02-05 09:00:00,2024-02-10 10:00:00,user_001,0.0,0.0,0.0,SUP-EN-002,0.0,0.0,0.0,0.0
EMS-E-2024-0122,SITE-OF02,수원 오피스,오피스,2024,2,열,한국지역난방공사,23.3,GJ,0,0.0,,,,419400,MTR-OF02-HT-02,M1,EMS,2024-03-05 07:30:00,2024-03-05 09:00:00,2024-03-10 10:00:00,user_001,0.0,0.0,0.0,SUP-EN-002,0.0,0.0,0.0,0.0
EMS-E-2024-0123,SITE-OF02,수원 오피스,오피스,2024,3,열,한국지역난방공사,19.11,GJ,0,0.0,,,,343980,MTR-OF02-HT-03,M1,EMS,2024-04-05 07:30:00,2024-04-05 09:00:00,2024-04-10 10:00:00,user_001,0.0,0.0,0.0,SUP-EN-002,0.0,0.0,0.0,0.0
EMS-E-2024-0124,SITE-OF02,수원 오피스,오피스,2024,4,열,한국지역난방공사,12.74,GJ,0,0.0,,,,229320,MTR-OF02-HT-04,M1,EMS,2024-05-05 07:30:00,2024-05-05 09:00:00,2024-05-10 10:00:00,user_001,0.0,0.0,0.0,SUP-EN-002,0.0,0.0,0.0,0.0
EMS-E-2024-0125,SITE-OF02,수원 오피스,오피스,2024,5,열,한국지역난방공사,9.1,GJ,0,0.0,,,,163800,MTR-OF02-HT-05,M1,EMS,2024-06-05 07:30:00,2024-06-05 09:00:00,2024-06-10 10:00:00,user_001,0.0,0.0,0.0,SUP-EN-002,0.0,0.0,0.0,0.0
EMS-E-2024-0126,SITE-OF02,수원 오피스,오피스,2024,6,열,한국지역난방공사,6.37,GJ,0,0.0,,,,114660,MTR-OF02-HT-06,M1,EMS,2024-07-05 07:30:00,2024-07-05 09:00:00,2024-07-10 10:00:00,user_001,0.0,0.0,0.0,SUP-EN-002,0.0,0.0,0.0,0.0
EMS-E-2024-0127,SITE-OF02,수원 오피스,오피스,2024,7,열,한국지역난방공사,5.46,GJ,0,0.0,,,,98280,MTR-OF02-HT-07,M1,EMS,2024-08-05 07:30:00,2024-08-05 09:00:00,2024-08-10 10:00:00,user_001,0.0,0.0,0.0,SUP-EN-002,0.0,0.0,0.0,0.0
EMS-E-2024-0128,SITE-OF02,수원 오피스,오피스,2024,8,열,한국지역난방공사,5.82,GJ,0,0.0,,,,104760,MTR-OF02-HT-08,M1,EMS,2024-09-05 07:30:00,2024-09-05 09:00:00,2024-09-10 10:00:00,user_001,0.0,0.0,0.0,SUP-EN-002,0.0,0.0,0.0,0.0
EMS-E-2024-0129,SITE-OF02,수원 오피스,오피스,2024,9,열,한국지역난방공사,10.01,GJ,0,0.0,,,,180180,MTR-OF02-HT-09,M1,EMS,2024-10-05 07:30:00,2024-10-05 09:00:00,2024-10-10 10:00:00,user_001,0.0,0.0,0.0,SUP-EN-002,0.0,0.0,0.0,0.0
EMS-E-2024-0130,SITE-OF02,수원 오피스,오피스,2024,10,열,한국지역난방공사,14.56,GJ,0,0.0,,,,262080,MTR-OF02-HT-10,M1,EMS,2024-11-05 07:30:00,2024-11-05 09:00:00,2024-11-10 10:00:00,user_001,0.0,0.0,0.0,SUP-EN-002,0.0,0.0,0.0,0.0
EMS-E-2024-0131,SITE-OF02,수원 오피스,오피스,2024,11,열,한국지역난방공사,20.02,GJ,0,0.0,,,,360360,MTR-OF02-HT-11,M1,EMS,2024-12-05 07:30:00,2024-12-05 09:00:00,2024-12-10 10:00:00,user_001,0.0,0.0,0.0,SUP-EN-002,0.0,0.0,0.0,0.0
EMS-E-2024-0132,SITE-OF02,수원 오피스,오피스,2024,12,열,한국지역난방공사,23.66,GJ,0,0.0,,,,425880,MTR-OF02-HT-12,M1,EMS,2024-01-05 07:30:00,2024-01-05 09:00:00,2024-01-10 10:00:00,user_001,0.0,0.0,0.0,SUP-EN-002,0.0,0.0,0.0,0.0
EMS-E-2024-0133,SITE-DC01,수원 데이터센터,데이터센터,2024,1,LNG,도시가스(한국가스공사),5460,Nm³,0,0.0,,,,4368000,MTR-DC01-GS-01,M2,EMS,2024-02-05 07:30:00,2024-02-05 09:00:00,2024-02-10 10:00:00,user_001,0.0,0.0,0.0,SUP-EN-003,0.0,0.0,0.0,0.0
EMS-E-2024-0134,SITE-DC01,수원 데이터센터,데이터센터,2024,2,LNG,도시가스(한국가스공사),5040,Nm³,0,0.0,,,,4032000,MTR-DC01-GS-02,M2,EMS,2024-03-05 07:30:00,2024-03-05 09:00:00,2024-03-10 10:00:00,user_001,0.0,0.0,0.0,SUP-EN-003,0.0,0.0,0.0,0.0
EMS-E-2024-0135,SITE-DC01,수원 데이터센터,데이터센터,2024,3,LNG,도시가스(한국가스공사),4200,Nm³,0,0.0,,,,3360000,MTR-DC01-GS-03,M2,EMS,2024-04-05 07:30:00,2024-04-05 09:00:00,2024-04-10 10:00:00,user_001,0.0,0.0,0.0,SUP-EN-003,0.0,0.0,0.0,0.0
EMS-E-2024-0136,SITE-DC01,수원 데이터센터,데이터센터,2024,4,LNG,도시가스(한국가스공사),3360,Nm³,0,0.0,,,,2688000,MTR-DC01-GS-04,M2,EMS,2024-05-05 07:30:00,2024-05-05 09:00:00,2024-05-10 10:00:00,user_001,0.0,0.0,0.0,SUP-EN-003,0.0,0.0,0.0,0.0
EMS-E-2024-0137,SITE-DC01,수원 데이터센터,데이터센터,2024,5,LNG,도시가스(한국가스공사),3150,Nm³,0,0.0,,,,2520000,MTR-DC01-GS-05,M2,EMS,2024-06-05 07:30:00,2024-06-05 09:00:00,2024-06-10 10:00:00,user_001,0.0,0.0,0.0,SUP-EN-003,0.0,0.0,0.0,0.0
EMS-E-2024-0138,SITE-DC01,수원 데이터센터,데이터센터,2024,6,LNG,도시가스(한국가스공사),3360,Nm³,0,0.0,,,,2688000,MTR-DC01-GS-06,M2,EMS,2024-07-05 07:30:00,2024-07-05 09:00:00,2024-07-10 10:00:00,user_001,0.0,0.0,0.0,SUP-EN-003,0.0,0.0,0.0,0.0
EMS-E-2024-0139,SITE-DC01,수원 데이터센터,데이터센터,2024,7,LNG,도시가스(한국가스공사),3570,Nm³,0,0.0,,,,2856000,MTR-DC01-GS-07,M2,EMS,2024-08-05 07:30:00,2024-08-05 09:00:00,2024-08-10 10:00:00,user_001,0.0,0.0,0.0,SUP-EN-003,0.0,0.0,0.0,0.0
EMS-E-2024-0140,SITE-DC01,수원 데이터센터,데이터센터,2024,8,LNG,도시가스(한국가스공사),3444,Nm³,0,0.0,,,,2755200,MTR-DC01-GS-08,M2,EMS,2024-09-05 07:30:00,2024-09-05 09:00:00,2024-09-10 10:00:00,user_001,0.0,0.0,0.0,SUP-EN-003,0.0,0.0,0.0,0.0
EMS-E-2024-0141,SITE-DC01,수원 데이터센터,데이터센터,2024,9,LNG,도시가스(한국가스공사),3570,Nm³,0,0.0,,,,2856000,MTR-DC01-GS-09,M2,EMS,2024-10-05 07:30:00,2024-10-05 09:00:00,2024-10-10 10:00:00,user_001,0.0,0.0,0.0,SUP-EN-003,0.0,0.0,0.0,0.0
EMS-E-2024-0142,SITE-DC01,수원 데이터센터,데이터센터,2024,10,LNG,도시가스(한국가스공사),3780,Nm³,0,0.0,,,,3024000,MTR-DC01-GS-10,M2,EMS,2024-11-05 07:30:00,2024-11-05 09:00:00,2024-11-10 10:00:00,user_001,0.0,0.0,0.0,SUP-EN-003,0.0,0.0,0.0,0.0
EMS-E-2024-0143,SITE-DC01,수원 데이터센터,데이터센터,2024,11,LNG,도시가스(한국가스공사),4410,Nm³,0,0.0,,,,3528000,MTR-DC01-GS-11,M2,EMS,2024-12-05 07:30:00,2024-12-05 09:00:00,2024-12-10 10:00:00,user_001,0.0,0.0,0.0,SUP-EN-003,0.0,0.0,0.0,0.0
EMS-E-2024-0144,SITE-DC01,수원 데이터센터,데이터센터,2024,12,LNG,도시가스(한국가스공사),5250,Nm³,0,0.0,,,,4200000,MTR-DC01-GS-12,M2,EMS,2024-01-05 07:30:00,2024-01-05 09:00:00,2024-01-10 10:00:00,user_001,0.0,0.0,0.0,SUP-EN-003,0.0,0.0,0.0,0.0
EMS-E-2024-0145,SITE-DC02,동탄 데이터센터,데이터센터,2024,1,LNG,도시가스(한국가스공사),4940,Nm³,0,0.0,,,,3952000,MTR-DC02-GS-01,M2,EMS,2024-02-05 07:30:00,2024-02-05 09:00:00,2024-02-10 10:00:00,user_001,0.0,0.0,0.0,SUP-EN-003,0.0,0.0,0.0,0.0
EMS-E-2024-0146,SITE-DC02,동탄 데이터센터,데이터센터,2024,2,LNG,도시가스(한국가스공사),4560,Nm³,0,0.0,,,,3648000,MTR-DC02-GS-02,M2,EMS,2024-03-05 07:30:00,2024-03-05 09:00:00,2024-03-10 10:00:00,user_001,0.0,0.0,0.0,SUP-EN-003,0.0,0.0,0.0,0.0
EMS-E-2024-0147,SITE-DC02,동탄 데이터센터,데이터센터,2024,3,LNG,도시가스(한국가스공사),3800,Nm³,0,0.0,,,,3040000,MTR-DC02-GS-03,M2,EMS,2024-04-05 07:30:00,2024-04-05 09:00:00,2024-04-10 10:00:00,user_001,0.0,0.0,0.0,SUP-EN-003,0.0,0.0,0.0,0.0
EMS-E-2024-0148,SITE-DC02,동탄 데이터센터,데이터센터,2024,4,LNG,도시가스(한국가스공사),3040,Nm³,0,0.0,,,,2432000,MTR-DC02-GS-04,M2,EMS,2024-05-05 07:30:00,2024-05-05 09:00:00,2024-05-10 10:00:00,user_001,0.0,0.0,0.0,SUP-EN-003,0.0,0.0,0.0,0.0
EMS-E-2024-0149,SITE-DC02,동탄 데이터센터,데이터센터,2024,5,LNG,도시가스(한국가스공사),2850,Nm³,0,0.0,,,,2280000,MTR-DC02-GS-05,M2,EMS,2024-06-05 07:30:00,2024-06-05 09:00:00,2024-06-10 10:00:00,user_001,0.0,0.0,0.0,SUP-EN-003,0.0,0.0,0.0,0.0
EMS-E-2024-0150,SITE-DC02,동탄 데이터센터,데이터센터,2024,6,LNG,도시가스(한국가스공사),3040,Nm³,0,0.0,,,,2432000,MTR-DC02-GS-06,M2,EMS,2024-07-05 07:30:00,2024-07-05 09:00:00,2024-07-10 10:00:00,user_001,0.0,0.0,0.0,SUP-EN-003,0.0,0.0,0.0,0.0
EMS-E-2024-0151,SITE-DC02,동탄 데이터센터,데이터센터,2024,7,LNG,도시가스(한국가스공사),3230,Nm³,0,0.0,,,,2584000,MTR-DC02-GS-07,M2,EMS,2024-08-05 07:30:00,2024-08-05 09:00:00,2024-08-10 10:00:00,user_001,0.0,0.0,0.0,SUP-EN-003,0.0,0.0,0.0,0.0
EMS-E-2024-0152,SITE-DC02,동탄 데이터센터,데이터센터,2024,8,LNG,도시가스(한국가스공사),3116,Nm³,0,0.0,,,,2492800,MTR-DC02-GS-08,M2,EMS,2024-09-05 07:30:00,2024-09-05 09:00:00,2024-09-10 10:00:00,user_001,0.0,0.0,0.0,SUP-EN-003,0.0,0.0,0.0,0.0
EMS-E-2024-0153,SITE-DC02,동탄 데이터센터,데이터센터,2024,9,LNG,도시가스(한국가스공사),3230,Nm³,0,0.0,,,,2584000,MTR-DC02-GS-09,M2,EMS,2024-10-05 07:30:00,2024-10-05 09:00:00,2024-10-10 10:00:00,user_001,0.0,0.0,0.0,SUP-EN-003,0.0,0.0,0.0,0.0
EMS-E-2024-0154,SITE-DC02,동탄 데이터센터,데이터센터,2024,10,LNG,도시가스(한국가스공사),3420,Nm³,0,0.0,,,,2736000,MTR-DC02-GS-10,M2,EMS,2024-11-05 07:30:00,2024-11-05 09:00:00,2024-11-10 10:00:00,user_001,0.0,0.0,0.0,SUP-EN-003,0.0,0.0,0.0,0.0
EMS-E-2024-0155,SITE-DC02,동탄 데이터센터,데이터센터,2024,11,LNG,도시가스(한국가스공사),3990,Nm³,0,0.0,,,,3192000,MTR-DC02-GS-11,M2,EMS,2024-12-05 07:30:00,2024-12-05 09:00:00,2024-12-10 10:00:00,user_001,0.0,0.0,0.0,SUP-EN-003,0.0,0.0,0.0,0.0
EMS-E-2024-0156,SITE-DC02,동탄 데이터센터,데이터센터,2024,12,LNG,도시가스(한국가스공사),4750,Nm³,0,0.0,,,,3800000,MTR-DC02-GS-12,M2,EMS,2024-01-05 07:30:00,2024-01-05 09:00:00,2024-01-10 10:00:00,user_001,0.0,0.0,0.0,SUP-EN-003,0.0,0.0,0.0,0.0
EMS-E-2024-0157,SITE-DC03,상암 데이터센터,데이터센터,2024,1,LNG,도시가스(한국가스공사),3250,Nm³,0,0.0,,,,2600000,MTR-DC03-GS-01,M2,EMS,2024-02-05 07:30:00,2024-02-05 09:00:00,2024-02-10 10:00:00,user_001,0.0,0.0,0.0,SUP-EN-003,0.0,0.0,0.0,0.0
EMS-E-2024-0158,SITE-DC03,상암 데이터센터,데이터센터,2024,2,LNG,도시가스(한국가스공사),3000,Nm³,0,0.0,,,,2400000,MTR-DC03-GS-02,M2,EMS,2024-03-05 07:30:00,2024-03-05 09:00:00,2024-03-10 10:00:00,user_001,0.0,0.0,0.0,SUP-EN-003,0.0,0.0,0.0,0.0
EMS-E-2024-0159,SITE-DC03,상암 데이터센터,데이터센터,2024,3,LNG,도시가스(한국가스공사),2500,Nm³,0,0.0,,,,2000000,MTR-DC03-GS-03,M2,EMS,2024-04-05 07:30:00,2024-04-05 09:00:00,2024-04-10 10:00:00,user_001,0.0,0.0,0.0,SUP-EN-003,0.0,0.0,0.0,0.0
EMS-E-2024-0160,SITE-DC03,상암 데이터센터,데이터센터,2024,4,LNG,도시가스(한국가스공사),2000,Nm³,0,0.0,,,,1600000,MTR-DC03-GS-04,M2,EMS,2024-05-05 07:30:00,2024-05-05 09:00:00,2024-05-10 10:00:00,user_001,0.0,0.0,0.0,SUP-EN-003,0.0,0.0,0.0,0.0
EMS-E-2024-0161,SITE-DC03,상암 데이터센터,데이터센터,2024,5,LNG,도시가스(한국가스공사),1875,Nm³,0,0.0,,,,1500000,MTR-DC03-GS-05,M2,EMS,2024-06-05 07:30:00,2024-06-05 09:00:00,2024-06-10 10:00:00,user_001,0.0,0.0,0.0,SUP-EN-003,0.0,0.0,0.0,0.0
EMS-E-2024-0162,SITE-DC03,상암 데이터센터,데이터센터,2024,6,LNG,도시가스(한국가스공사),2000,Nm³,0,0.0,,,,1600000,MTR-DC03-GS-06,M2,EMS,2024-07-05 07:30:00,2024-07-05 09:00:00,2024-07-10 10:00:00,user_001,0.0,0.0,0.0,SUP-EN-003,0.0,0.0,0.0,0.0
EMS-E-2024-0163,SITE-DC03,상암 데이터센터,데이터센터,2024,7,LNG,도시가스(한국가스공사),2125,Nm³,0,0.0,,,,1700000,MTR-DC03-GS-07,M2,EMS,2024-08-05 07:30:00,2024-08-05 09:00:00,2024-08-10 10:00:00,user_001,0.0,0.0,0.0,SUP-EN-003,0.0,0.0,0.0,0.0
EMS-E-2024-0164,SITE-DC03,상암 데이터센터,데이터센터,2024,8,LNG,도시가스(한국가스공사),2050,Nm³,0,0.0,,,,1640000,MTR-DC03-GS-08,M2,EMS,2024-09-05 07:30:00,2024-09-05 09:00:00,2024-09-10 10:00:00,user_001,0.0,0.0,0.0,SUP-EN-003,0.0,0.0,0.0,0.0
EMS-E-2024-0165,SITE-DC03,상암 데이터센터,데이터센터,2024,9,LNG,도시가스(한국가스공사),2125,Nm³,0,0.0,,,,1700000,MTR-DC03-GS-09,M2,EMS,2024-10-05 07:30:00,2024-10-05 09:00:00,2024-10-10 10:00:00,user_001,0.0,0.0,0.0,SUP-EN-003,0.0,0.0,0.0,0.0
EMS-E-2024-0166,SITE-DC03,상암 데이터센터,데이터센터,2024,10,LNG,도시가스(한국가스공사),2250,Nm³,0,0.0,,,,1800000,MTR-DC03-GS-10,M2,EMS,2024-11-05 07:30:00,2024-11-05 09:00:00,2024-11-10 10:00:00,user_001,0.0,0.0,0.0,SUP-EN-003,0.0,0.0,0.0,0.0
EMS-E-2024-0167,SITE-DC03,상암 데이터센터,데이터센터,2024,11,LNG,도시가스(한국가스공사),2625,Nm³,0,0.0,,,,2100000,MTR-DC03-GS-11,M2,EMS,2024-12-05 07:30:00,2024-12-05 09:00:00,2024-12-10 10:00:00,user_001,0.0,0.0,0.0,SUP-EN-003,0.0,0.0,0.0,0.0
EMS-E-2024-0168,SITE-DC03,상암 데이터센터,데이터센터,2024,12,LNG,도시가스(한국가스공사),3125,Nm³,0,0.0,,,,2500000,MTR-DC03-GS-12,M2,EMS,2024-01-05 07:30:00,2024-01-05 09:00:00,2024-01-10 10:00:00,user_001,0.0,0.0,0.0,SUP-EN-003,0.0,0.0,0.0,0.0
EMS-E-2024-0169,SITE-DC04,춘천 데이터센터,데이터센터,2024,1,LNG,도시가스(한국가스공사),4160,Nm³,0,0.0,,,,3328000,MTR-DC04-GS-01,M2,EMS,2024-02-05 07:30:00,2024-02-05 09:00:00,2024-02-10 10:00:00,user_001,0.0,0.0,0.0,SUP-EN-003,0.0,0.0,0.0,0.0
EMS-E-2024-0170,SITE-DC04,춘천 데이터센터,데이터센터,2024,2,LNG,도시가스(한국가스공사),3840,Nm³,0,0.0,,,,3072000,MTR-DC04-GS-02,M2,EMS,2024-03-05 07:30:00,2024-03-05 09:00:00,2024-03-10 10:00:00,user_001,0.0,0.0,0.0,SUP-EN-003,0.0,0.0,0.0,0.0
EMS-E-2024-0171,SITE-DC04,춘천 데이터센터,데이터센터,2024,3,LNG,도시가스(한국가스공사),3200,Nm³,0,0.0,,,,2560000,MTR-DC04-GS-03,M2,EMS,2024-04-05 07:30:00,2024-04-05 09:00:00,2024-04-10 10:00:00,user_001,0.0,0.0,0.0,SUP-EN-003,0.0,0.0,0.0,0.0
EMS-E-2024-0172,SITE-DC04,춘천 데이터센터,데이터센터,2024,4,LNG,도시가스(한국가스공사),2560,Nm³,0,0.0,,,,2048000,MTR-DC04-GS-04,M2,EMS,2024-05-05 07:30:00,2024-05-05 09:00:00,2024-05-10 10:00:00,user_001,0.0,0.0,0.0,SUP-EN-003,0.0,0.0,0.0,0.0
EMS-E-2024-0173,SITE-DC04,춘천 데이터센터,데이터센터,2024,5,LNG,도시가스(한국가스공사),2400,Nm³,0,0.0,,,,1920000,MTR-DC04-GS-05,M2,EMS,2024-06-05 07:30:00,2024-06-05 09:00:00,2024-06-10 10:00:00,user_001,0.0,0.0,0.0,SUP-EN-003,0.0,0.0,0.0,0.0
EMS-E-2024-0174,SITE-DC04,춘천 데이터센터,데이터센터,2024,6,LNG,도시가스(한국가스공사),2560,Nm³,0,0.0,,,,2048000,MTR-DC04-GS-06,M2,EMS,2024-07-05 07:30:00,2024-07-05 09:00:00,2024-07-10 10:00:00,user_001,0.0,0.0,0.0,SUP-EN-003,0.0,0.0,0.0,0.0
EMS-E-2024-0175,SITE-DC04,춘천 데이터센터,데이터센터,2024,7,LNG,도시가스(한국가스공사),2720,Nm³,0,0.0,,,,2176000,MTR-DC04-GS-07,M2,EMS,2024-08-05 07:30:00,2024-08-05 09:00:00,2024-08-10 10:00:00,user_001,0.0,0.0,0.0,SUP-EN-003,0.0,0.0,0.0,0.0
EMS-E-2024-0176,SITE-DC04,춘천 데이터센터,데이터센터,2024,8,LNG,도시가스(한국가스공사),2624,Nm³,0,0.0,,,,2099200,MTR-DC04-GS-08,M2,EMS,2024-09-05 07:30:00,2024-09-05 09:00:00,2024-09-10 10:00:00,user_001,0.0,0.0,0.0,SUP-EN-003,0.0,0.0,0.0,0.0
EMS-E-2024-0177,SITE-DC04,춘천 데이터센터,데이터센터,2024,9,LNG,도시가스(한국가스공사),2720,Nm³,0,0.0,,,,2176000,MTR-DC04-GS-09,M2,EMS,2024-10-05 07:30:00,2024-10-05 09:00:00,2024-10-10 10:00:00,user_001,0.0,0.0,0.0,SUP-EN-003,0.0,0.0,0.0,0.0
EMS-E-2024-0178,SITE-DC04,춘천 데이터센터,데이터센터,2024,10,LNG,도시가스(한국가스공사),2880,Nm³,0,0.0,,,,2304000,MTR-DC04-GS-10,M2,EMS,2024-11-05 07:30:00,2024-11-05 09:00:00,2024-11-10 10:00:00,user_001,0.0,0.0,0.0,SUP-EN-003,0.0,0.0,0.0,0.0
EMS-E-2024-0179,SITE-DC04,춘천 데이터센터,데이터센터,2024,11,LNG,도시가스(한국가스공사),3360,Nm³,0,0.0,,,,2688000,MTR-DC04-GS-11,M2,EMS,2024-12-05 07:30:00,2024-12-05 09:00:00,2024-12-10 10:00:00,user_001,0.0,0.0,0.0,SUP-EN-003,0.0,0.0,0.0,0.0
EMS-E-2024-0180,SITE-DC04,춘천 데이터센터,데이터센터,2024,12,LNG,도시가스(한국가스공사),4000,Nm³,0,0.0,,,,3200000,MTR-DC04-GS-12,M2,EMS,2024-01-05 07:30:00,2024-01-05 09:00:00,2024-01-10 10:00:00,user_001,0.0,0.0,0.0,SUP-EN-003,0.0,0.0,0.0,0.0
EMS-E-2024-0181,SITE-DC05,판교 데이터센터,데이터센터,2024,1,LNG,도시가스(한국가스공사),2730,Nm³,0,0.0,,,,2184000,MTR-DC05-GS-01,M2,EMS,2024-02-05 07:30:00,2024-02-05 09:00:00,2024-02-10 10:00:00,user_001,0.0,0.0,0.0,SUP-EN-003,0.0,0.0,0.0,0.0
EMS-E-2024-0182,SITE-DC05,판교 데이터센터,데이터센터,2024,2,LNG,도시가스(한국가스공사),2520,Nm³,0,0.0,,,,2016000,MTR-DC05-GS-02,M2,EMS,2024-03-05 07:30:00,2024-03-05 09:00:00,2024-03-10 10:00:00,user_001,0.0,0.0,0.0,SUP-EN-003,0.0,0.0,0.0,0.0
EMS-E-2024-0183,SITE-DC05,판교 데이터센터,데이터센터,2024,3,LNG,도시가스(한국가스공사),2100,Nm³,0,0.0,,,,1680000,MTR-DC05-GS-03,M2,EMS,2024-04-05 07:30:00,2024-04-05 09:00:00,2024-04-10 10:00:00,user_001,0.0,0.0,0.0,SUP-EN-003,0.0,0.0,0.0,0.0
EMS-E-2024-0184,SITE-DC05,판교 데이터센터,데이터센터,2024,4,LNG,도시가스(한국가스공사),1680,Nm³,0,0.0,,,,1344000,MTR-DC05-GS-04,M2,EMS,2024-05-05 07:30:00,2024-05-05 09:00:00,2024-05-10 10:00:00,user_001,0.0,0.0,0.0,SUP-EN-003,0.0,0.0,0.0,0.0
EMS-E-2024-0185,SITE-DC05,판교 데이터센터,데이터센터,2024,5,LNG,도시가스(한국가스공사),1575,Nm³,0,0.0,,,,1260000,MTR-DC05-GS-05,M2,EMS,2024-06-05 07:30:00,2024-06-05 09:00:00,2024-06-10 10:00:00,user_001,0.0,0.0,0.0,SUP-EN-003,0.0,0.0,0.0,0.0
EMS-E-2024-0186,SITE-DC05,판교 데이터센터,데이터센터,2024,6,LNG,도시가스(한국가스공사),1680,Nm³,0,0.0,,,,1344000,MTR-DC05-GS-06,M2,EMS,2024-07-05 07:30:00,2024-07-05 09:00:00,2024-07-10 10:00:00,user_001,0.0,0.0,0.0,SUP-EN-003,0.0,0.0,0.0,0.0
EMS-E-2024-0187,SITE-DC05,판교 데이터센터,데이터센터,2024,7,LNG,도시가스(한국가스공사),1785,Nm³,0,0.0,,,,1428000,MTR-DC05-GS-07,M2,EMS,2024-08-05 07:30:00,2024-08-05 09:00:00,2024-08-10 10:00:00,user_001,0.0,0.0,0.0,SUP-EN-003,0.0,0.0,0.0,0.0
EMS-E-2024-0188,SITE-DC05,판교 데이터센터,데이터센터,2024,8,LNG,도시가스(한국가스공사),1722,Nm³,0,0.0,,,,1377600,MTR-DC05-GS-08,M2,EMS,2024-09-05 07:30:00,2024-09-05 09:00:00,2024-09-10 10:00:00,user_001,0.0,0.0,0.0,SUP-EN-003,0.0,0.0,0.0,0.0
EMS-E-2024-0189,SITE-DC05,판교 데이터센터,데이터센터,2024,9,LNG,도시가스(한국가스공사),1785,Nm³,0,0.0,,,,1428000,MTR-DC05-GS-09,M2,EMS,2024-10-05 07:30:00,2024-10-05 09:00:00,2024-10-10 10:00:00,user_001,0.0,0.0,0.0,SUP-EN-003,0.0,0.0,0.0,0.0
EMS-E-2024-0190,SITE-DC05,판교 데이터센터,데이터센터,2024,10,LNG,도시가스(한국가스공사),1890,Nm³,0,0.0,,,,1512000,MTR-DC05-GS-10,M2,EMS,2024-11-05 07:30:00,2024-11-05 09:00:00,2024-11-10 10:00:00,user_001,0.0,0.0,0.0,SUP-EN-003,0.0,0.0,0.0,0.0
EMS-E-2024-0191,SITE-DC05,판교 데이터센터,데이터센터,2024,11,LNG,도시가스(한국가스공사),2205,Nm³,0,0.0,,,,1764000,MTR-DC05-GS-11,M2,EMS,2024-12-05 07:30:00,2024-12-05 09:00:00,2024-12-10 10:00:00,user_001,0.0,0.0,0.0,SUP-EN-003,0.0,0.0,0.0,0.0
EMS-E-2024-0192,SITE-DC05,판교 데이터센터,데이터센터,2024,12,LNG,도시가스(한국가스공사),2625,Nm³,0,0.0,,,,2100000,MTR-DC05-GS-12,M2,EMS,2024-01-05 07:30:00,2024-01-05 09:00:00,2024-01-10 10:00:00,user_001,0.0,0.0,0.0,SUP-EN-003,0.0,0.0,0.0,0.0
EMS-E-2024-0193,SITE-OF01,잠실 본사,오피스,2024,1,LNG,도시가스(한국가스공사),2340,Nm³,0,0.0,,,,1872000,MTR-OF01-GS-01,M2,EMS,2024-02-05 07:30:00,2024-02-05 09:00:00,2024-02-10 10:00:00,user_001,0.0,0.0,0.0,SUP-EN-003,0.0,0.0,0.0,0.0
EMS-E-2024-0194,SITE-OF01,잠실 본사,오피스,2024,2,LNG,도시가스(한국가스공사),2160,Nm³,0,0.0,,,,1728000,MTR-OF01-GS-02,M2,EMS,2024-03-05 07:30:00,2024-03-05 09:00:00,2024-03-10 10:00:00,user_001,0.0,0.0,0.0,SUP-EN-003,0.0,0.0,0.0,0.0
EMS-E-2024-0195,SITE-OF01,잠실 본사,오피스,2024,3,LNG,도시가스(한국가스공사),1800,Nm³,0,0.0,,,,1440000,MTR-OF01-GS-03,M2,EMS,2024-04-05 07:30:00,2024-04-05 09:00:00,2024-04-10 10:00:00,user_001,0.0,0.0,0.0,SUP-EN-003,0.0,0.0,0.0,0.0
EMS-E-2024-0196,SITE-OF01,잠실 본사,오피스,2024,4,LNG,도시가스(한국가스공사),1440,Nm³,0,0.0,,,,1152000,MTR-OF01-GS-04,M2,EMS,2024-05-05 07:30:00,2024-05-05 09:00:00,2024-05-10 10:00:00,user_001,0.0,0.0,0.0,SUP-EN-003,0.0,0.0,0.0,0.0
EMS-E-2024-0197,SITE-OF01,잠실 본사,오피스,2024,5,LNG,도시가스(한국가스공사),1350,Nm³,0,0.0,,,,1080000,MTR-OF01-GS-05,M2,EMS,2024-06-05 07:30:00,2024-06-05 09:00:00,2024-06-10 10:00:00,user_001,0.0,0.0,0.0,SUP-EN-003,0.0,0.0,0.0,0.0
EMS-E-2024-0198,SITE-OF01,잠실 본사,오피스,2024,6,LNG,도시가스(한국가스공사),1440,Nm³,0,0.0,,,,1152000,MTR-OF01-GS-06,M2,EMS,2024-07-05 07:30:00,2024-07-05 09:00:00,2024-07-10 10:00:00,user_001,0.0,0.0,0.0,SUP-EN-003,0.0,0.0,0.0,0.0
EMS-E-2024-0199,SITE-OF01,잠실 본사,오피스,2024,7,LNG,도시가스(한국가스공사),1530,Nm³,0,0.0,,,,1224000,MTR-OF01-GS-07,M2,EMS,2024-08-05 07:30:00,2024-08-05 09:00:00,2024-08-10 10:00:00,user_001,0.0,0.0,0.0,SUP-EN-003,0.0,0.0,0.0,0.0
EMS-E-2024-0200,SITE-OF01,잠실 본사,오피스,2024,8,LNG,도시가스(한국가스공사),1476,Nm³,0,0.0,,,,1180800,MTR-OF01-GS-08,M2,EMS,2024-09-05 07:30:00,2024-09-05 09:00:00,2024-09-10 10:00:00,user_001,0.0,0.0,0.0,SUP-EN-003,0.0,0.0,0.0,0.0
EMS-E-2024-0201,SITE-OF01,잠실 본사,오피스,2024,9,LNG,도시가스(한국가스공사),1530,Nm³,0,0.0,,,,1224000,MTR-OF01-GS-09,M2,EMS,2024-10-05 07:30:00,2024-10-05 09:00:00,2024-10-10 10:00:00,user_001,0.0,0.0,0.0,SUP-EN-003,0.0,0.0,0.0,0.0
EMS-E-2024-0202,SITE-OF01,잠실 본사,오피스,2024,10,LNG,도시가스(한국가스공사),1620,Nm³,0,0.0,,,,1296000,MTR-OF01-GS-10,M2,EMS,2024-11-05 07:30:00,2024-11-05 09:00:00,2024-11-10 10:00:00,user_001,0.0,0.0,0.0,SUP-EN-003,0.0,0.0,0.0,0.0
EMS-E-2024-0203,SITE-OF01,잠실 본사,오피스,2024,11,LNG,도시가스(한국가스공사),1890,Nm³,0,0.0,,,,1512000,MTR-OF01-GS-11,M2,EMS,2024-12-05 07:30:00,2024-12-05 09:00:00,2024-12-10 10:00:00,user_001,0.0,0.0,0.0,SUP-EN-003,0.0,0.0,0.0,0.0
EMS-E-2024-0204,SITE-OF01,잠실 본사,오피스,2024,12,LNG,도시가스(한국가스공사),2250,Nm³,0,0.0,,,,1800000,MTR-OF01-GS-12,M2,EMS,2024-01-05 07:30:00,2024-01-05 09:00:00,2024-01-10 10:00:00,user_001,0.0,0.0,0.0,SUP-EN-003,0.0,0.0,0.0,0.0
EMS-E-2024-0205,SITE-OF02,수원 오피스,오피스,2024,1,LNG,도시가스(한국가스공사),1560,Nm³,0,0.0,,,,1248000,MTR-OF02-GS-01,M2,EMS,2024-02-05 07:30:00,2024-02-05 09:00:00,2024-02-10 10:00:00,user_001,0.0,0.0,0.0,SUP-EN-003,0.0,0.0,0.0,0.0
EMS-E-2024-0206,SITE-OF02,수원 오피스,오피스,2024,2,LNG,도시가스(한국가스공사),1440,Nm³,0,0.0,,,,1152000,MTR-OF02-GS-02,M2,EMS,2024-03-05 07:30:00,2024-03-05 09:00:00,2024-03-10 10:00:00,user_001,0.0,0.0,0.0,SUP-EN-003,0.0,0.0,0.0,0.0
EMS-E-2024-0207,SITE-OF02,수원 오피스,오피스,2024,3,LNG,도시가스(한국가스공사),1200,Nm³,0,0.0,,,,960000,MTR-OF02-GS-03,M2,EMS,2024-04-05 07:30:00,2024-04-05 09:00:00,2024-04-10 10:00:00,user_001,0.0,0.0,0.0,SUP-EN-003,0.0,0.0,0.0,0.0
EMS-E-2024-0208,SITE-OF02,수원 오피스,오피스,2024,4,LNG,도시가스(한국가스공사),960,Nm³,0,0.0,,,,768000,MTR-OF02-GS-04,M2,EMS,2024-05-05 07:30:00,2024-05-05 09:00:00,2024-05-10 10:00:00,user_001,0.0,0.0,0.0,SUP-EN-003,0.0,0.0,0.0,0.0
EMS-E-2024-0209,SITE-OF02,수원 오피스,오피스,2024,5,LNG,도시가스(한국가스공사),900,Nm³,0,0.0,,,,720000,MTR-OF02-GS-05,M2,EMS,2024-06-05 07:30:00,2024-06-05 09:00:00,2024-06-10 10:00:00,user_001,0.0,0.0,0.0,SUP-EN-003,0.0,0.0,0.0,0.0
EMS-E-2024-0210,SITE-OF02,수원 오피스,오피스,2024,6,LNG,도시가스(한국가스공사),960,Nm³,0,0.0,,,,768000,MTR-OF02-GS-06,M2,EMS,2024-07-05 07:30:00,2024-07-05 09:00:00,2024-07-10 10:00:00,user_001,0.0,0.0,0.0,SUP-EN-003,0.0,0.0,0.0,0.0
EMS-E-2024-0211,SITE-OF02,수원 오피스,오피스,2024,7,LNG,도시가스(한국가스공사),1020,Nm³,0,0.0,,,,816000,MTR-OF02-GS-07,M2,EMS,2024-08-05 07:30:00,2024-08-05 09:00:00,2024-08-10 10:00:00,user_001,0.0,0.0,0.0,SUP-EN-003,0.0,0.0,0.0,0.0
EMS-E-2024-0212,SITE-OF02,수원 오피스,오피스,2024,8,LNG,도시가스(한국가스공사),984,Nm³,0,0.0,,,,787200,MTR-OF02-GS-08,M2,EMS,2024-09-05 07:30:00,2024-09-05 09:00:00,2024-09-10 10:00:00,user_001,0.0,0.0,0.0,SUP-EN-003,0.0,0.0,0.0,0.0
EMS-E-2024-0213,SITE-OF02,수원 오피스,오피스,2024,9,LNG,도시가스(한국가스공사),1020,Nm³,0,0.0,,,,816000,MTR-OF02-GS-09,M2,EMS,2024-10-05 07:30:00,2024-10-05 09:00:00,2024-10-10 10:00:00,user_001,0.0,0.0,0.0,SUP-EN-003,0.0,0.0,0.0,0.0
EMS-E-2024-0214,SITE-OF02,수원 오피스,오피스,2024,10,LNG,도시가스(한국가스공사),1080,Nm³,0,0.0,,,,864000,MTR-OF02-GS-10,M2,EMS,2024-11-05 07:30:00,2024-11-05 09:00:00,2024-11-10 10:00:00,user_001,0.0,0.0,0.0,SUP-EN-003,0.0,0.0,0.0,0.0
EMS-E-2024-0215,SITE-OF02,수원 오피스,오피스,2024,11,LNG,도시가스(한국가스공사),1260,Nm³,0,0.0,,,,1008000,MTR-OF02-GS-11,M2,EMS,2024-12-05 07:30:00,2024-12-05 09:00:00,2024-12-10 10:00:00,user_001,0.0,0.0,0.0,SUP-EN-003,0.0,0.0,0.0,0.0
EMS-E-2024-0216,SITE-OF02,수원 오피스,오피스,2024,12,LNG,도시가스(한국가스공사),1500,Nm³,0,0.0,,,,1200000,MTR-OF02-GS-12,M2,EMS,2024-01-05 07:30:00,2024-01-05 09:00:00,2024-01-10 10:00:00,user_001,0.0,0.0,0.0,SUP-EN-003,0.0,0.0,0.0,0.0
